943,우이신설경전철,k0305,4.19민주묘지,N,N,일반,127.011526,37.6495332,,39464,11,15,1501,150111,4?19민주묘지
109,1호선,S1101,가능,N,N,일반,127.044251,37.748362,한국철도공사,1033,11,1,101,10101,가능
350,3호선,S1103,가락시장,8호선,S1108,환승,127.1178996,37.49276539,서울교통공사,25074,11,1,103,10345,가락시장
817,8호선,S1108,가락시장,3호선,S1103,환승,127.1178996,37.49276539,서울교통공사,1354,11,1,108,10808,가락시장
142,1호선,S1101,가산디지털단지,7호선,S1107,환승,126.882628,37.481568,한국철도공사,1085,11,1,101,10160,가산디지털단지
737,7호선,S1107,가산디지털단지,1호선,S1101,환승,126.8825816,37.48121776,서울교통공사,17402,11,1,107,10742,가산디지털단지
916,9호선,S1109,가양,N,N,일반,126.854456,37.561391,,21907,11,1,109,10901,가양
944,우이신설경전철,k0305,가오리,N,N,일반,127.0146213,37.6415632,,39463,11,15,1501,150110,가오리
I216,인천2호선,S2802,가재울,N,N,일반,126.683883,37.484152,인천교통공사,36951,11,3,302,30201,가재울
I211,인천2호선,S2802,가정,N,N,일반,126.675387,37.524805,인천교통공사,36952,11,3,302,30202,가정
I212,인천2호선,S2802,가정중앙시장,N,N,일반,126.676784,37.517511,인천교통공사,36953,11,3,302,30203,가정중앙시장
K315,경의중앙선,k0212,가좌,서울역지선,,환승,126.914841,37.568611,한국철도공사,23231,11,10,1001,100118,가좌
K235,수인분당선,k0304,구성,N,N,일반,127.105664,37.299013,한국철도공사,1316,11,1,106,10638,구산
P134,경춘선,k0210,가평,N,N,일반,127.510693,37.814515,한국철도공사,28552,11,12,1201,120101,가평
191,1호선,S1101,간석,N,N,일반,126.693408,37.464689,한국철도공사,1078,11,1,101,10146,간석
I123,인천1호선,S2801,간석오거리,N,N,일반,126.707861,37.466921,인천교통공사,1387,11,3,301,30110,간석오거리
P123,경춘선,k0210,갈매,N,N,일반,127.114803,37.634135,한국철도공사,28553,11,12,1201,120102,갈매
I117,인천1호선,S2801,갈산,N,N,일반,126.721566,37.517124,인천교통공사,1392,11,3,301,30116,갈산
222,2호선,S1102,강남,신분당선,I1102,환승,127.0280537,37.49720244,서울교통공사,1135,11,1,102,10215,강남
D7,신분당선,I1102,강남,2호선,S1102,환승,127.0280537,37.4972,네오트렌스,28546,11,11,1101,110101,강남
721,7호선,S1107,강남구청,수인분당선,k0304,환승,127.0411628,37.51714842,서울교통공사,1333,11,1,107,10722,강남구청
K232,수인분당선,k0304,오리,N,N,일반,127.108985,37.339832,한국철도공사,1364,11,2,201,20101,오리
Y111,용인경전철,T4101,강남대,N,N,일반,127.126023,37.270171,용인경량전철㈜,28571,11,13,1301,130102,강남대
537,5호선,S1105,강동,N,N,일반,127.132079,37.53587886,서울교통공사,1275,11,1,105,10539,강동
812,8호선,S1108,강동구청,N,N,일반,127.1202691,37.53047081,서울교통공사,1350,11,1,108,10803,강동구청
K319,경의중앙선,k0212,강매,N,N,일반,126.845437,37.612596,한국철도공사,36646,11,10,1001,100124,강매
214,2호선,S1102,강변,N,N,일반,127.0946944,37.53487706,서울교통공사,1127,11,1,102,10207,강변
543,5호선,S1105,강일,N,N,일반,127.1740108,37.5574859,서울교통공사,,11,1,105,,강일
P137,경춘선,k0210,강촌,N,N,일반,127.634054,37.805728,한국철도공사,28554,11,12,1201,120103,강촌
552,5호선,S1105,개롱,N,N,일반,127.1348328,37.49782678,서울교통공사,1285,11,1,105,10549,개롱
179,1호선,S1101,개봉,N,N,일반,126.858504,37.494698,한국철도공사,1066,11,1,101,10134,개봉
K231,수인분당선,k0304,미금,신분당,I1102,환승,127.108952,37.350078,한국철도공사,1365,11,2,201,20102,미금
910,9호선,S1109,개화,N,N,일반,126.798153,37.578608,,21908,11,1,109,10902,개화
501,5호선,S1105,개화산,N,N,일반,126.8062885,37.57231242,서울교통공사,1246,11,1,105,10502,개화산
553,5호선,S1105,거여,N,N,일반,127.1436672,37.49316744,서울교통공사,1286,11,1,105,10550,거여
212,2호선,S1102,건대입구,7호선,S1107,환승,127.0700628,37.54060889,서울교통공사,1125,11,1,102,10205,건대입구
718,7호선,S1107,건대입구,2호선,S1102,환승,127.0700628,37.54060889,서울교통공사,17403,11,1,107,10743,건대입구
695,김포도시철도,L4101,걸포북변,N,N,일반,126.705778,37.63164148,김포골드라인운영㈜,39877,11,17,1701,170106,걸포북변
I203,인천2호선,S2802,검단사거리,N,N,일반,126.656545,37.601693,인천교통공사,36954,11,3,302,30204,검단사거리
I201,인천2호선,S2802,검단오류,N,N,일반,126.629206,37.595162,인천교통공사,36955,11,3,302,30205,검단오류
I208,인천2호선,S2802,검바위,N,N,일반,126.677529,37.561091,인천교통공사,36956,11,3,302,30206,검바위
A08,공항철도,k0211,검암,인천2호선,I2802,환승,126.671221,37.568611,공항철도,36957,11,3,302,30207,검암
I207,인천2호선,S2802,검암,공항철도,k0211,환승,126.671221,37.568611,인천교통공사,17433,11,9,901,90101,검암
K413,경강선,k0218,경기광주,N,N,일반,127.253201,37.398974,한국철도공사,39272,11,2,203,20304,경기광주
U120,의정부경전철,L4101,경기도청북부청사,N,N,일반,127.0716075,37.7507731,㈜우진메트로,31800,11,2,202,20210,경기도청 북부청사
436,4호선,S1104,경마공원,N,N,일반,127.007899,37.443987,한국철도공사,1225,11,1,104,10428,경마공원
327,3호선,S1103,경복궁,N,N,일반,126.9734832,37.57560542,서울교통공사,1186,11,1,103,10318,경복궁
I115,인천1호선,S2801,경인교대입구,N,N,일반,126.722603,37.538272,인천교통공사,1394,11,3,301,30118,경인교대입구
U113,의정부경전철,L4101,경전철의정부,N,N,일반,127.043314,37.7373859,㈜우진메트로,31794,11,2,202,20204,경전철의정부
351,3호선,S1103,경찰병원,N,N,일반,127.1242996,37.49576539,서울교통공사,25075,11,1,103,10346,경찰병원
I114,인천1호선,S2801,계산,N,N,일반,126.728436,37.543243,인천교통공사,1395,11,3,301,30119,계산
A07,공항철도,k0211,계양,인천1호선,I2801,환승,126.736319,37.571539,공항철도,17434,11,9,901,90102,계양
I110,인천1호선,I2801,계양,공항철도,k0211,환승,126.736319,37.571539,인천교통공사,17422,11,3,301,30124,계양
541,5호선,S1105,고덕,N,N,일반,127.1540785,37.55503473,서울교통공사,1279,11,1,105,10543,고덕
639,6호선,S1106,고려대,N,N,일반,127.0358642,37.59033908,서울교통공사,1294,11,1,106,10608,고려대
K230,수인분당선,k0304,정자,신분당,I1102,환승,127.108091,37.366037,한국철도공사,1366,11,2,201,20103,정자
339,3호선,S1103,고속터미널,7호선/9호선,S1107+S1109,환승,127.0049403,37.50436623,서울교통공사,1195,11,1,103,10330,고속터미널
725,7호선,S1107,고속터미널,3호선/9호선,S1103+S1109,환승,127.0049403,37.50436623,서울교통공사,17404,11,1,107,10744,고속터미널
932,9호선,S1109,고속터미널,3호선/7호선,S1103+S1107,환승,127.0049403,37.50436623,서울교통공사,21909,11,1,109,10903,고속터미널
451,4호선,k0302,고잔,수인분당선,k0304,환승,126.823094,37.316821,한국철도공사,1239,11,1,104,10443,고잔
K229,수인분당선,k0304,수내,N,N,일반,127.114216,37.378435,한국철도공사,1367,11,2,201,20104,수내
Y121,용인경전철,T4101,고진,N,N,일반,127.214168,37.244643,용인경량전철㈜,28581,11,13,1301,130112,고진
698,김포도시철도,L4101,고촌,N,N,일반,126.7703242,37.60121656,김포골드라인운영㈜,39880,11,17,1701,170109,고촌
K323,경의중앙선,k0212,곡산,N,N,일반,126.801877,37.645729,한국철도공사,23224,11,10,1001,100111,곡산
U122,의정부경전철,L4101,곤제,N,N,일반,127.083846,37.7505337,㈜우진메트로,31802,11,2,202,20212,곤제
K415,경강선,k0218,곤지암,N,N,일반,127.346186,37.350525,한국철도공사,39274,11,2,203,20306,곤지암
518,5호선,S1105,공덕,6호선/경의중앙선/공항철도,S1106+k0212+k0211,환승,126.9513584,37.54412449,서울교통공사,1261,11,1,105,10520,공덕
626,6호선,S1106,공덕,5호선/경의중앙선/공항철도,S1105+k0212+k0211,환승,126.952134,37.542611,한국철도공사,17393,11,1,106,10639,공덕
K312,경의중앙선,k0212,공덕,5호선/6호선/공항철도,S1105+S1106+k0211,환승,126.952134,37.542611,한국철도공사,32129,11,9,901,90110,공덕
A02,공항철도,k0211,공덕,5호선/6호선/경의중앙선,S1105+S1106+k0212,환승,126.952134,37.542611,한국철도공사,33136,11,10,1001,100123,공덕
707,7호선,S1107,공릉,N,N,일반,127.0728236,37.62551321,서울교통공사,1322,11,1,107,10708,공릉
912,9호선,S1109,공항시장,N,N,일반,126.810678,37.563726,,21910,11,1,109,10904,공항시장
A11,공항철도,k0211,공항화물청사,N,N,일반,126.4753183,37.4590682,공항철도,17435,11,9,901,90103,공항화물청사
438,4호선,S1104,과천,N,N,일반,126.996404,37.433205,한국철도공사,1227,11,1,104,10430,과천
146,1호선,S1101,관악,N,N,일반,126.908476,37.419578,한국철도공사,1089,11,1,101,10164,관악
D19,신분당선,I1102,광교,N,N,일반,127.0602257,37.2968115,네오트렌스,36654,11,11,1101,110112,광교
D18,신분당선,I1102,광교중앙,N,N,일반,127.0602257,37.2968121,네오트렌스,36653,11,11,1101,110111,광교중앙
535,5호선,S1105,광나루,N,N,일반,127.1035121,37.5450481,서울교통공사,1273,11,1,105,10537,광나루
144-1,1호선,S1101,광명,N,N,일반,126.884523,37.415995,한국철도공사,1121,11,1,101,10196,광명
739,7호선,S1107,광명사거리,N,N,일반,126.8547278,37.47941898,서울교통공사,1347,11,1,107,10740,광명사거리
119,1호선,S1101,광운대,경춘선,k0210,환승,127.061975,37.623635,한국철도공사,1043,11,1,101,10111,광운대
P141,경춘선,k0210,광운대,1호선,S1101,환승,127.061975,37.623635,한국철도공사,39262,11,12,1201,120125,광운대
522,5호선,S1105,광화문,N,N,일반,126.9762129,37.5708165,서울교통공사,1264,11,1,105,10524,광화문
624,6호선,S1106,광흥창,N,N,일반,126.9318177,37.54746977,서울교통공사,1305,11,1,106,10624,광흥창
223,2호선,S1102,교대,3호선,S1103,환승,127.0142237,37.49320061,서울교통공사,1136,11,1,102,10216,교대
340,3호선,S1103,교대,2호선,S1102,환승,127.0142237,37.49320061,서울교통공사,17373,11,1,103,10341,교대
691,김포도시철도,L4101,구래,N,N,일반,126.628576,37.6453934,김포골드라인운영㈜,39873,11,17,1701,170102,구래
141,1호선,S1101,구로,경인선,k0301,환승,126.882037,37.503178,한국철도공사,1064,11,1,101,10132,구로
232,2호선,S1102,구로디지털단지,N,N,일반,126.9014847,37.48516215,서울교통공사,1145,11,1,102,10225,구로디지털단지
K228,수인분당선,k0304,서현,N,N,일반,127.123249,37.384931,한국철도공사,1368,11,2,201,20105,서현
K123,경의중앙선,k0212,구리,N,N,일반,126.882037,37.503178,한국철도공사,1564,11,10,1001,100139,구리
930,9호선,S1109,구반포,N,N,일반,126.987332,37.501364,,21911,11,1,109,10905,구반포
615,6호선,S1106,구산,N,N,일반,126.9171923,37.61125852,서울교통공사,1316,11,1,106,10638,구산
K226,수인분당선,k0304,야탑,N,N,일반,127.128661,37.41132,한국철도공사,1369,11,2,201,20106,야탑
213,2호선,S1102,구의,N,N,일반,127.0857297,37.53691864,서울교통공사,1126,11,1,102,10206,구의
178,1호선,S1101,구일,N,N,일반,126.869599,37.496273,한국철도공사,1065,11,1,101,10133,구일
312,3호선,S1103,구파발,N,N,일반,126.9187832,37.63664912,서울교통공사,1179,11,1,103,10311,구파발
K132,경의중앙선,k0212,국수,N,N,일반,127.399402,37.516171,한국철도공사,21938,11,10,1001,100127,국수
I138,인천1호선,S2801,국제업무지구,N,N,일반,126.630094,37.400464,인천교통공사,21932,11,3,301,30113,국제업무지구
923,9호선,S1109,국회의사당,N,N,일반,126.917874,37.528105,,21912,11,1,109,10906,국회의사당
533,5호선,S1105,군자,7호선,S1107,환승,127.079433,37.55713392,서울교통공사,1271,11,1,105,10535,군자
716,7호선,S1105,군자,5호선,S1105,환승,127.079433,37.55713392,서울교통공사,17405,11,1,107,10745,군자
150,1호선,S1101,군포,N,N,일반,126.948517,37.353732,한국철도공사,1093,11,1,101,10168,군포
P135,경춘선,k0210,굴봉산,N,N,일반,127.557732,37.832086,한국철도공사,28555,11,12,1201,120104,굴봉산
749,7호선,S1107,굴포천,N,N,일반,126.7311071,37.50708334,서울교통공사,32127,11,1,107,10759,굴포천
539,5호선,S1105,굽은다리,N,N,일반,127.1428116,37.54537927,서울교통공사,1277,11,1,105,10541,굽은다리
I111,인천1호선,S2801,귤현,N,N,일반,126.742498,37.566362,인천교통공사,1398,11,3,301,30122,귤현
P127,경춘선,k0210,금곡,N,N,일반,127.207931,37.637414,한국철도공사,28556,11,12,1201,120105,금곡
K330,경의중앙선,k0212,금릉,N,N,일반,126.765401,37.751295,한국철도공사,23218,11,10,1001,100105,금릉
149,1호선,S1101,금정,4호선,S1104,환승,126.943611,37.371957,한국철도공사,1092,11,1,101,10167,금정
,4호선,S1104,금정,1호선,S1101,환승,126.943611,37.371957,한국철도공사,17377,11,1,104,10449,금정
144,1호선,S1101,금천구청,광명지선,,환승,126.894344,37.45576,한국철도공사,1087,11,1,101,10162,금천구청
K331,경의중앙선,k0212,금촌,N,N,일반,126.774515,37.766106,한국철도공사,23217,11,10,1001,100104,금촌
334,3호선,S1103,금호,N,N,일반,127.0156615,37.54800401,서울교통공사,1191,11,1,103,10325,금호
K224,수인분당선,k0304,태평,N,N,일반,127.127746,37.439842,한국철도공사,1370,11,2,201,20108,태평
Y110,용인경전철,T4101,기흥,수인분당선,k0304,환승,127.115944,37.275657,한국철도공사,28570,11,13,1301,130101,기흥
538,5호선,S1105,길동,N,N,일반,127.1400433,37.53794494,서울교통공사,1276,11,1,105,10540,길동
417,4호선,S1104,길음,N,N,일반,127.0249611,37.6035085,서울교통공사,1212,11,1,104,10409,길음
Y119,용인경전철,T4101,김량장,N,N,일반,127.198671,37.237293,용인경량전철㈜,28579,11,13,1301,130110,김량장
P138,경춘선,k0210,김유정,N,N,일반,127.714302,37.818475,한국철도공사,28557,11,12,1201,120106,김유정
502,5호선,S1105,김포공항,9호선/공항철도/김포도시철도,S1109+k0211+L4101,환승,126.8014703,37.5622601,서울교통공사,1247,11,1,105,10503,김포공항
911,9호선,S1109,김포공항,5호선/공항철도/김포도시철도,S1105+k0211+I4101,환승,126.8014703,37.5622601,공항철도,21913,11,1,109,10907,김포공항
A06,공항철도,k0211,김포공항,5호선/9호선/김포도시철도,S1105+S1109+L4101,환승,126.8014703,37.5622601,공항철도,17436,11,9,901,90104,김포공항
699,김포도시철도,L4101,김포공항,5호선/9호선/공항철도,S1105+S1109+k0211,환승,126.80147,37.5622601,공항철도,39881,11,17,1701,170110,김포공항
244-4,2호선,S1102,까치산,5호선,S1105,환승,126.8467432,37.53168373,서울교통공사,1150,11,1,102,10231,까치산
508,5호선,S1105,까치산,2호선,S1102,환승,126.8467432,37.53168373,서울교통공사,17385,11,1,105,10552,까치산
742,7호선,S1107,까치울,N,N,일반,126.8113309,37.50632983,서울교통공사,32120,11,1,107,10752,까치울
227,2호선,S1102,낙성대,N,N,일반,126.9636002,37.47692607,서울교통공사,1140,11,1,102,10220,낙성대
736,7호선,S1107,남구로,N,N,일반,126.8873355,37.48613283,서울교통공사,1345,11,1,107,10737,남구로
I225,인천2호선,S2802,남동구청,N,N,일반,123.736581,37.448179,인천교통공사,36958,11,3,302,30208,남동구청
K220,수인분당선,k0304,대모산입구,N,N,일반,127.072702,37.491347,한국철도공사,1372,11,2,201,20110,대모산입구
341,3호선,S1103,남부터미널,N,N,일반,127.0161898,37.48482472,서울교통공사,1196,11,1,103,10332,남부터미널
728,7호선,S1107,남성,N,N,일반,126.9712351,37.48453469,서울교통공사,1338,11,1,107,10729,남성
134,1호선,S1101,남영,N,N,일반,126.971171,37.540597,한국철도공사,1057,11,1,101,10125,남영
P139,경춘선,k0210,남춘천,N,N,일반,127.723761,37.864071,한국철도공사,28558,11,12,1201,120107,남춘천
434,4호선,S1104,남태령,N,N,일반,126.9888363,37.46424858,서울교통공사,1223,11,1,104,10426,남태령
822,8호선,S1108,남한산성입구,N,N,일반,127.1597963,37.45156254,서울교통공사,1359,11,1,108,10813,남한산성입구
726,7호선,S1107,내방,N,N,일반,126.9932223,37.4875118,서울교통공사,1337,11,1,107,10727,내방
927,9호선,S1109,노들,N,N,일반,126.953222,37.512887,,21914,11,1,109,10908,노들
136,1호선,S1101,노량진,9호선,S1109,환승,126.941671,37.514072,한국철도공사,1059,11,1,101,10127,노량진
926,9호선,S1109,노량진,1호선,S1101,환승,126.941671,37.514072,한국철도공사,21915,11,1,109,10909,노량진
411,4호선,S1104,노원,7호선,S1107,환승,127.0624948,37.6551493,서울교통공사,1207,11,1,104,10403,노원
704,7호선,S1107,노원,4호선,S1104,환승,127.0624948,37.6551493,서울교통공사,17406,11,1,107,10746,노원
323,3호선,S1103,녹번,N,N,일반,126.935753,37.60085525,서울교통공사,1182,11,1,103,10314,녹번
628,6호선,S1106,녹사평,N,N,일반,126.9867518,37.53464201,서울교통공사,1302,11,1,106,10619,녹사평
108,1호선,S1101,녹양,N,N,일반,127.042272,37.759416,한국철도공사,1112,11,1,101,10187,녹양
117,1호선,S1101,녹천,N,N,일반,127.051406,37.644599,한국철도공사,1041,11,1,101,10109,녹천
723,7호선,S1107,논현,N,N,일반,127.0212831,37.51118691,서울교통공사,1335,11,1,107,10724,논현
K321,경의중앙선,k0212,능곡,N,N,일반,126.820845,37.618741,한국철도공사,23226,11,10,1001,100113,능곡
823,8호선,S1108,단대오거리,N,N,일반,127.1566517,37.44512808,서울교통공사,1360,11,1,108,10814,단대오거리
841,서해선,L4102,소사,1호선,S1101,환승,126.795654,37.482755,한국철도공사,39503,11,16,1601,160101,소사
K219,수인분당선,k0304,개포동,N,N,일반,127.066027,37.489112,한국철도공사,1373,11,2,201,20111,개포동
531,5호선,S1105,답십리,N,N,일반,127.0524701,37.56690598,서울교통공사,1269,11,1,105,10533,답십리
409,4호선,S1104,당고개,N,N,일반,127.0789555,37.67032572,서울교통공사,1205,11,1,104,10401,당고개
237,2호선,S1102,당산,9호선,S1109,환승,126.9024241,37.53425753,서울교통공사,1153,11,1,102,10234,당산
922,9호선,S1109,당산,2호선,S1102,환승,126.9024241,37.53425753,서울교통공사,21916,11,1,109,10910,당산
151,1호선,S1101,당정,N,N,일반,126.948388,37.34338,한국철도공사,24941,11,1,101,10197,당정
315,3호선,S1103,대곡,경의중앙선,k0212,환승,126.811025,37.631629,한국철도공사,1174,11,1,103,10306,대곡
K322,경의중앙선,k0212,대곡,3호선,S1103,환승,126.811025,37.631629,한국철도공사,23225,11,10,1001,100112,대곡
437,4호선,S1104,대공원,N,N,일반,127.006474,37.435724,한국철도공사,1226,11,1,104,10429,대공원
233,2호선,S1102,대림,7호선,S1107,환승,126.8957105,37.49307207,서울교통공사,1146,11,1,102,10226,대림
735,7호선,S1107,대림,2호선,S1102,환승,126.8957105,37.49307207,서울교통공사,17407,11,1,107,10747,대림
K216,수인분당선,k0304,한티,N,N,일반,127.052883,37.496208,한국철도공사,1374,11,2,201,20112,한티
137,1호선,S1101,대방,N,N,일반,126.926407,37.513392,한국철도공사,1060,11,1,101,10128,대방
P131,경춘선,k0210,대성리,N,N,일반,127.379165,37.683909,한국철도공사,28559,11,12,1201,120108,대성리
446,4호선,k0302,대야미,N,N,일반,126.917161,37.328304,한국철도공사,1234,11,1,104,10438,대야미
347,3호선,S1103,대청,N,N,일반,127.079515,37.49346096,서울교통공사,1202,11,1,103,10338,대청
345,3호선,S1103,대치,N,N,일반,127.0632665,37.4942795,서울교통공사,1200,11,1,103,10336,대치
309,3호선,S1103,대화,N,N,일반,126.747756,37.675883,한국철도공사,1169,11,1,103,10301,대화
625,6호선,S1106,대흥,N,N,일반,126.9422206,37.54766489,서울교통공사,1304,11,1,106,10623,대흥
106,1호선,S1101,덕계,N,N,일반,127.056676,37.818761,한국철도공사,1114,11,1,101,10189,덕계
K126,경의중앙선,k0212,덕소,N,N,일반,127.208835,37.586892,한국철도공사,1567,11,10,1001,100142,덕소
105,1호선,S1101,덕정,N,N,일반,127.061511,37.843216,한국철도공사,1115,11,1,101,10190,덕정
344,3호선,S1103,도곡,수인분당선,k0304,환승,127.0553484,37.49082524,서울교통공사,1199,11,1,103,10335,도곡
K227,수인분당선,k0304,이매,경강선,k0218,환승,127.128272,37.395846,한국철도공사,1375,11,2,201,20113,이매
K124,경의중앙선,k0212,도농,N,N,일반,127.161105,37.608756,한국철도공사,1565,11,10,1001,100140,도농
244-1,2호선,S1102,도림천,N,N,일반,126.8827022,37.51420522,서울교통공사,1147,11,1,102,10228,도림천
114,1호선,S1101,도봉,N,N,일반,127.045521,37.679441,한국철도공사,1038,11,1,101,10106,도봉
113,1호선,S1101,도봉산,7호선,S1107,환승,127.046347,37.689603,한국철도공사,1037,11,1,101,10105,도봉산
701,7호선,S1107,도봉산,1호선,S1101,환승,127.0461005,37.68923188,서울교통공사,17408,11,1,107,10748,도봉산
K127,경의중앙선,k0212,도심,N,N,일반,127.222798,37.579628,한국철도공사,14310,11,10,1001,100143,도심
195,1호선,S1101,도원,N,N,일반,126.642824,37.468604,한국철도공사,1082,11,1,101,10150,도원
193,1호선,S1101,도화,N,N,일반,126.66846,37.466154,한국철도공사,1080,11,1,101,10148,도화
326,3호선,S1103,독립문,N,N,일반,126.9578508,37.57448506,서울교통공사,1185,11,1,103,10317,독립문
613,6호선,S1106,독바위,N,N,일반,126.9329961,37.61844071,서울교통공사,1315,11,1,106,10636,독바위
143,1호선,S1101,독산,N,N,일반,126.889508,37.465994,한국철도공사,1086,11,1,101,10161,독산
I206,인천2호선,S2802,독정,N,N,일반,126.675981,37.584927,인천교통공사,36959,11,3,302,30209,독정
642,6호선,S1106,돌곶이,N,N,일반,127.0564482,37.61052771,서울교통공사,1291,11,1,106,10605,돌곶이
128,1호선,S1101,동대문,4호선,S1104,환승,127.0101189,37.57129132,서울교통공사,1051,11,1,101,10119,동대문
421,4호선,S1104,동대문,1호선,S1101,환승,127.0101189,37.57129132,서울교통공사,17378,11,1,104,10450,동대문
205,2호선,S1102,동대문역사문화공원,4호선/5호선,S1104+S1105,환승,127.007394,37.56500251,서울교통공사,1163,11,1,102,10245,동대문역사문화공원
422,4호선,S1104,동대문역사문화공원,2호선/5호선,S1102+S1105,환승,127.007394,37.56500251,서울교통공사,17379,11,1,104,10451,동대문역사문화공원
525,5호선,S1105,동대문역사문화공원,2호선/4호선,S1102+S1104,환승,127.007394,37.56500251,서울교통공사,17386,11,1,105,10553,동대문역사문화공원
332,3호선,S1103,동대입구,N,N,일반,127.0052813,37.55883276,서울교통공사,1189,11,1,103,10323,동대입구
101,1호선,S1101,동두천,N,N,일반,127.054825,37.927569,한국철도공사,1119,11,1,101,10194,동두천
103,1호선,S1101,동두천중앙,N,N,일반,127.056528,37.901818,한국철도공사,1117,11,1,101,10192,동두천중앙
I132,인천1호선,S2801,동막,N,N,일반,126.673561,37.398173,인천교통공사,1378,11,3,301,30101,동막
127,1호선,S1101,동묘앞,6호선,S1106,환승,127.0155932,37.57253741,서울교통공사,17368,11,1,101,10153,동묘앞
635,6호선,S1106,동묘앞,1호선,S1101,환승,127.0155932,37.57253741,서울교통공사,1298,11,1,106,10612,동묘앞
Y114,용인경전철,T4101,동백,N,N,일반,127.152716,37.269111,용인경량전철㈜,28574,11,13,1301,130105,동백
I121,인천1호선,S2801,동수,N,N,일반,126.718464,37.485409,인천교통공사,1389,11,3,301,30112,동수
190,1호선,S1101,동암,N,N,일반,126.703016,37.470835,한국철도공사,1077,11,1,101,10145,동암
U118,의정부경전철,L4101,동오,N,N,일반,127.056979,37.7452685,㈜우진메트로,31798,11,2,202,20208,동오
196,1호선,S1101,동인천,N,N,일반,126.632598,37.475414,한국철도공사,1083,11,1,101,10151,동인천
431,4호선,S1104,동작,9호선,S1109,환승,126.9790224,37.50300413,서울교통공사,1221,11,1,104,10423,동작
929,9호선,S1109,동작,4호선,S1104,환승,126.9790224,37.50300413,서울교통공사,21917,11,1,109,10911,동작
D14,신분당선,I1102,동천,N,N,일반,127.1007687,37.3382629,네오트렌스,36649,11,11,1101,110107,동천
I131,인천1호선,S2801,동춘,N,N,일반,126.680835,37.404676,인천교통공사,1379,11,3,301,30102,동춘
168,1호선,S1101,두정,N,N,일반,127.148905,36.833791,한국철도공사,1110,11,1,101,10185,두정
Y123,용인경전철,T4101,둔전,N,N,일반,127.213619,37.267201,용인경량전철㈜,28583,11,13,1301,130114,둔전
548,5호선,S1105,둔촌동,N,N,일반,127.136296,37.52774726,서울교통공사,1281,11,1,105,10545,둔촌동
945,9호선,S1109,둔촌오륜,N,N,일반,127.1401702,37.51797547,서울교통공사,39893,11,1,109,10937,둔촌오륜
918,9호선,S1109,등촌,N,N,일반,126.865689,37.550632,,21918,11,1,109,10912,등촌
618,6호선,S1106,디지털미디어시티,경의중앙선/공항철도,k0212+k0211,환승,126.8996845,37.57663026,서울교통공사,1310,11,1,106,10630,디지털미디어시티
K316,경의중앙선,k0212,디지털미디어시티,6호선/공항철도,S1106+k0211,환승,126.900421,37.577964,한국철도공사,23230,11,10,1001,100117,디지털미디어시티
A04,공항철도,k0211,디지털미디어시티,6호선/경의중앙선,S1106+k0212,환승,126.900421,37.577964,한국철도공사,28539,11,9,901,90107,디지털미디어시티
210,2호선,S1102,뚝섬,N,N,일반,127.0473648,37.54712239,서울교통공사,1167,11,1,102,10250,뚝섬
719,7호선,S1107,뚝섬유원지,N,N,일반,127.0666673,37.53125616,서울교통공사,1331,11,1,107,10720,뚝섬유원지
504,5호선,S1105,마곡,N,N,일반,126.8248665,37.56025035,서울교통공사,1249,11,1,105,10505,마곡
914,9호선,S1109,마곡나루,공항철도,k0211,환승,126.8243724,37.5669398,공항철도,21919,11,1,109,10913,마곡나루
A05,공항철도,k0211,마곡나루,9호선,S1109,환승,126.8243724,37.5669398,공항철도,39889,11,9,901,90114,마곡나루
313,3호선,S1103,마두,N,N,일반,126.777641,37.652185,한국철도공사,1172,11,1,103,10304,마두
703,7호선,S1107,마들,N,N,일반,127.0573337,37.66516233,서울교통공사,1319,11,1,107,10704,마들
692,김포도시철도,L4101,마산,N,N,일반,126.6440072,37.64060947,김포골드라인운영㈜,39874,11,17,1701,170103,마산
P130,경춘선,k0210,마석,N,N,일반,127.311713,37.652328,한국철도공사,28560,11,12,1201,120109,마석
530,5호선,S1105,마장,N,N,일반,127.0429769,37.56620675,서울교통공사,1268,11,1,105,10532,마장
I204,인천2호선,S2802,마전,N,N,일반,126.667195,37.597756,인천교통공사,36960,11,3,302,30210,마전
554,5호선,S1105,마천,N,N,일반,127.152476,37.49495884,서울교통공사,1287,11,1,105,10551,마천
517,5호선,S1105,마포,N,N,일반,126.9457536,37.53956668,서울교통공사,1260,11,1,105,10519,마포
620,6호선,S1106,마포구청,N,N,일반,126.9031935,37.56350657,서울교통공사,1308,11,1,106,10628,마포구청
I224,인천2호선,S2802,만수,N,N,일반,126.731764,37.454962,인천교통공사,36961,11,3,302,30211,만수
K121,경의중앙선,k0212,망우,경춘선,k0212+k0210,환승,127.092318,37.599288,한국철도공사,1562,11,10,1001,100137,망우
P121,경춘선,k0210,망우,경의중앙선,k0212,환승,127.092318,37.599288,한국철도공사,28561,11,12,1201,120110,망우
621,6호선,S1106,망원,N,N,일반,126.9098166,37.55594386,서울교통공사,1307,11,1,106,10627,망원
112,1호선,S1101,망월사,N,N,일반,127.047361,37.710499,한국철도공사,1036,11,1,101,10104,망월사
K234,수인분당선,k0304,보정,N,N,일반,127.108219,37.31274,한국철도공사,1376,11,2,201,20114,보정
K218,수인분당선,k0304,구룡,N,N,일반,127.059496,37.486985,한국철도공사,1377,11,2,201,20115,구룡
343,3호선,S1103,매봉,N,N,일반,127.0467037,37.48684644,서울교통공사,1198,11,1,103,10334,매봉
K233,수인분당선,k0304,죽전,N,N,일반,127.107385,37.324575,한국철도공사,14312,11,2,201,20116,죽전
709,7호선,S1107,먹골,N,N,일반,127.0775891,37.61073429,서울교통공사,1323,11,1,107,10710,먹골
712,7호선,S1107,면목,N,N,일반,127.0874251,37.58852412,서울교통공사,1326,11,1,107,10713,면목
424,4호선,S1104,명동,N,N,일반,126.9862482,37.56075073,서울교통공사,1216,11,1,104,10416,명동
540,5호선,S1105,명일,N,N,일반,127.1439883,37.55149734,서울교통공사,1278,11,1,105,10542,명일
Y118,용인경전철,T4101,명지대,N,N,일반,127.1911514,37.2380254,용인경량전철㈜,28578,11,13,1301,130109,명지대
148,1호선,S1101,명학,N,N,일반,126.935579,37.384435,한국철도공사,1091,11,1,101,10166,명학
826,8호선,S1108,모란,수인분당선,k0304,환승,127.1294298,37.43291644,서울교통공사,1363,11,1,108,10817,모란
K217,수인분당선,k0304,도곡,3호선,S1103,환승,127.0553484,37.49082524,서울교통공사,17414,11,2,201,20117,도곡
I223,인천2호선,S2802,모래내시장,N,N,일반,126.719578,37.455842,인천교통공사,36962,11,3,302,30212,모래내시장
510,5호선,S1105,목동,N,N,일반,126.8645757,37.52586671,서울교통공사,1254,11,1,105,10511,목동
813,8호선,S1108,몽촌토성,N,N,일반,127.1123921,37.51742473,서울교통공사,1351,11,1,108,10804,몽촌토성
325,3호선,S1103,무악재,N,N,일반,126.9501814,37.58211864,서울교통공사,1184,11,1,103,10316,무악재
235,2호선,S1102,문래,N,N,일반,126.8945439,37.51779736,서울교통공사,1151,11,1,102,10232,문래
K335,경의중앙선,k0212,문산,N,N,일반,126.787531,37.854565,한국철도공사,23214,11,10,1001,100101,문산
818,8호선,S1108,문정,N,N,일반,127.1222272,37.4859849,서울교통공사,1355,11,1,108,10809,문정
I127,인천1호선,S2801,문학경기장,N,N,일반,126.698373,37.434964,인천교통공사,1383,11,3,301,30106,문학경기장
K225,수인분당선,k0304,모란,8호선,S1108,환승,127.1294298,37.43291644,서울교통공사,17415,11,2,201,20118,모란
D13,신분당선,I1102,미금,수인분당선,k0304,환승,127.108952,37.350078,네오트렌스,39502,11,11,1101,110113,미금
544,5호선,S1105,미사,N,N,일반,127.1932345,37.5631234,서울교통공사,40626,11,1,105,10560,미사
415,4호선,S1104,미아,N,N,일반,127.0258287,37.62657144,서울교통공사,1210,11,1,104,10407,미아
416,4호선,S1104,미아사거리,N,N,일반,127.0298981,37.61325241,서울교통공사,1211,11,1,104,10408,미아사거리
I112,인천1호선,S2801,박촌,N,N,일반,126.744946,37.553525,인천교통공사,1397,11,3,301,30121,박촌
447,4호선,k0302,반월,N,N,일반,126.903684,37.312244,한국철도공사,1235,11,1,104,10439,반월
724,7호선,S1107,반포,N,N,일반,127.011532,37.50820769,서울교통공사,1336,11,1,107,10725,반포
U110,의정부경전철,L4101,발곡,N,N,일반,127.0529098,37.7269917,㈜우진메트로,31791,11,2,202,20201,발곡
505,5호선,S1105,발산,N,N,일반,126.837456,37.55848385,서울교통공사,1250,11,1,105,10506,발산
225,2호선,S1102,방배,N,N,일반,126.997636,37.48130245,서울교통공사,1138,11,1,102,10218,방배
550,5호선,S1105,방이,N,N,일반,127.1260716,37.50865738,서울교통공사,1283,11,1,105,10547,방이
115,1호선,S1101,방학,N,N,일반,127.044295,37.667471,한국철도공사,1039,11,1,101,10107,방학
500,5호선,S1105,방화,N,N,일반,126.8127115,37.57729066,서울교통공사,1245,11,1,105,10501,방화
174,1호선,S1101,배방,N,N,일반,127.052751,36.777541,한국철도공사,21900,11,1,101,10154,배방
K324,경의중앙선,k0212,백마,N,N,일반,126.794401,37.658346,한국철도공사,23223,11,10,1001,100110,백마
314,3호선,S1103,백석,N,N,일반,126.788109,37.642973,한국철도공사,1173,11,1,103,10305,백석
P136,경춘선,k0210,백양리,N,N,일반,127.589085,37.830881,한국철도공사,28562,11,12,1201,120111,백양리
189,1호선,S1101,백운,N,N,일반,126.707179,37.483301,한국철도공사,1076,11,1,101,10144,백운
631,6호선,S1106,버티고개,N,N,일반,127.0066086,37.54806951,서울교통공사,1299,11,1,106,10616,버티고개
442,4호선,S1104,범계,N,N,일반,126.950752,37.389783,한국철도공사,1231,11,1,104,10434,범계
U112,의정부경전철,L4101,범골,N,N,일반,127.0436639,37.728796,㈜우진메트로,31793,11,2,202,20203,범골
P124,경춘선,k0210,별내,N,N,일반,127.127208,37.642221,한국철도공사,33137,11,12,1201,120119,별내
157,1호선,S1101,병점,서동탄지선,,환승,127.033268,37.206821,한국철도공사,1099,11,1,101,10174,병점
733,7호선,S1107,보라매,N,N,일반,126.9203052,37.49989004,서울교통공사,1343,11,1,107,10734,보라매
637,6호선,S1106,보문,우이신설,k0305,환승,127.0192192,37.58543035,서울교통공사,1296,11,1,106,10610,보문
952,우이신설경전철,k0305,보문,6호선,S1106,환승,127.0192192,37.58543035,서울교통공사,39455,11,15,1501,150102,보문
102,1호선,S1101,보산,N,N,일반,127.057134,37.914268,한국철도공사,1118,11,1,101,10193,보산
K222,수인분당선,k0304,복정,8호선,S1108,환승,127.1264714,37.47008981,서울교통공사,17416,11,2,201,20119,복정
Y122,용인경전철,T4101,보평,N,N,일반,127.218533,37.2589472,용인경량전철㈜,28582,11,13,1301,130113,보평
820,8호선,S1108,복정,수인분당선,k0304,환승,127.1264714,37.47008981,서울교통공사,1357,11,1,108,10811,복정
K215,수인분당선,k0304,선릉,2호선,S1102,환승,127.0486966,37.50437895,서울교통공사,17417,11,2,201,20120,선릉
170,1호선,S1101,봉명,N,N,일반,127.136319,36.801578,한국철도공사,21901,11,1,101,10155,봉명
938,9호선,S1109,봉은사,N,N,일반,127.0608922,37.51436096,서울교통공사,36471,11,1,109,10929,봉은사
229,2호선,S1102,봉천,N,N,일반,126.9418478,37.48245978,서울교통공사,1142,11,1,102,10222,봉천
646,6호선,S1106,봉화산,N,N,일반,127.0910857,37.61747193,서울교통공사,1288,11,1,106,10601,봉화산
187,1호선,S1101,부개,N,N,일반,126.740549,37.488479,한국철도공사,1074,11,1,101,10142,부개
K418,경강선,k0218,부발,N,N,일반,127.490303,37.260411,한국철도공사,39277,11,2,203,20309,부발
184,1호선,S1101,부천,N,N,일반,126.782779,37.484066,한국철도공사,1071,11,1,101,10139,부천
746,7호선,S1107,부천시청,N,N,일반,126.7637332,37.50454132,서울교통공사,32124,11,1,107,10756,부천시청
743,7호선,S1107,부천종합운동장,N,N,일반,126.7972468,37.50544153,서울교통공사,32121,11,1,107,10753,부천종합운동장
188,1호선,S1101,부평,인천1호선,S2801,환승,126.724584,37.489457,한국철도공사,1075,11,1,101,10143,부평
I120,인천1호선,S2801,부평,1호선,S1101,환승,126.723437,37.490541,인천교통공사,17421,11,3,301,30123,부평
750,7호선,S1107,부평구청,인천1호선,S2801,환승,126.720547,37.508768,인천교통공사,32128,11,1,107,10760,부평구청
I118,인천1호선,S2801,부평구청,7호선,S1107,환승,126.720547,37.508768,인천교통공사,1391,11,3,301,30115,부평구청
I122,인천1호선,S2801,부평삼거리,N,N,일반,126.710494,37.478267,인천교통공사,1388,11,3,301,30111,부평삼거리
I119,인천1호선,S2801,부평시장,N,N,일반,126.722282,37.498495,인천교통공사,1390,11,3,301,30114,부평시장
949,우이신설경전철,k0305,북한산보국문,N,N,일반,127.0060678,37.6121622,,39458,11,15,1501,150105,북한산보국문
941,우이신설경전철,k0305,북한산우이,N,N,일반,127.0105423,37.6628057,,39466,11,15,1501,150113,북한산우이
322,3호선,S1103,불광,6호선,S1106,환승,126.9296281,37.61013354,서울교통공사,1181,11,1,103,10313,불광
612,6호선,S1106,불광,3호선,S1103,환승,126.9296281,37.61013354,서울교통공사,17394,11,1,106,10640,불광
713,7호선,S1107,사가정,N,N,일반,127.0884688,37.58101455,서울교통공사,1327,11,1,107,10714,사가정
226,2호선,S1102,사당,4호선,S1104,환승,126.9816245,37.4767992,서울교통공사,1139,11,1,102,10219,사당
433,4호선,S1104,사당,2호선,S1102,환승,126.981945,37.48678247,서울교통공사,17380,11,1,104,10452,사당
P126,경춘선,k0210,사릉,N,N,일반,127.176839,37.651145,한국철도공사,28563,11,12,1201,120112,사릉
K221,수인분당선,k0304,수서,3호선,S1103,환승,127.101553,37.48716257,서울교통공사,17418,11,2,201,20121,수서
696,김포도시철도,L4101,사우,N,N,일반,126.7196954,37.62035224,김포골드라인운영㈜,39878,11,17,1701,170107,사우
933,9호선,S1109,사평,N,N,일반,127.015259,37.504206,,21920,11,1,109,10914,사평
751,7호선,S1107,산곡,N,N,일반,126.7013204,37.5085383,,,,,,,
444,4호선,k0302,산본,N,N,일반,126.932969,37.358019,한국철도공사,1232,11,1,104,10436,산본
821,8호선,S1108,산성,N,N,일반,127.1498131,37.45668074,서울교통공사,1358,11,1,108,10812,산성
Y116,용인경전철,T4101,삼가,N,N,일반,127.168141,37.242103,용인경량전철㈜,28576,11,13,1301,130107,삼가
428,4호선,S1104,삼각지,6호선,S1106,환승,126.9734308,37.53475857,서울교통공사,1219,11,1,104,10420,삼각지
428,6호선,S1106,삼각지,4호선,S1104,환승,126.9734308,37.53475857,서울교통공사,17395,11,1,106,10641,삼각지
K412,경강선,k0218,삼동,N,N,일반,127.203447,37.408731,한국철도공사,39271,11,2,203,20303,삼동
748,7호선,S1107,삼산체육관,N,N,일반,126.7417749,37.50636043,서울교통공사,32126,11,1,107,10758,삼산체육관
219,2호선,S1102,삼성,N,N,일반,127.063165,37.5086936,서울교통공사,1132,11,1,102,10212,삼성
937,9호선,S1109,삼성중앙,N,N,일반,127.052705,37.51288248,서울교통공사,36470,11,1,109,10928,삼성중앙
319,3호선,S1103,삼송,N,N,일반,126.895559,37.653096,한국철도공사,1177,11,1,103,10309,삼송
946,우이신설경전철,k0305,삼양,N,N,일반,127.0159753,37.6269262,,39461,11,15,1501,150108,삼양
947,우이신설경전철,k0305,삼양사거리,N,N,일반,127.0183183,37.6213452,,39460,11,15,1501,150107,삼양사거리
940,9호선,S1109,삼전,N,N,일반,127.0877814,37.50474464,서울교통공사,39882,11,1,109,10931,삼전
K213,수인분당선,k0304,강남구청,7호선,S1107,환승,127.0411628,37.51714842,서울교통공사,28523,11,2,201,20122,강남구청
410,4호선,S1104,상계,N,N,일반,127.0731287,37.66090497,서울교통공사,1206,11,1,104,10402,상계
730,7호선,S1107,상도,N,N,일반,126.9477417,37.50285237,서울교통공사,1340,11,1,107,10731,상도
747,7호선,S1107,상동,N,N,일반,126.7529908,37.50570416,서울교통공사,32125,11,1,107,10757,상동
448,4호선,k0302,상록수,N,N,일반,126.866533,37.302845,한국철도공사,1236,11,1,104,10440,상록수
711,7호선,S1107,상봉,경의중앙선+경춘선,k0212+k0210,환승,127.0853862,37.59608092,서울교통공사,1325,11,1,107,10712,상봉
K120,경의중앙선,k0212,상봉,경춘선/7호선/광운대지선,k0210+S1107,환승,127.085853,37.595254,한국철도공사,28538,11,10,1001,100154,상봉
P120,경춘선,k0210,상봉,경의중앙선/7호선/광운대지선,k0212+S1107,환승,127.085853,37.595254,한국철도공사,28564,11,12,1201,120113,상봉
623,6호선,S1106,상수,N,N,일반,126.9225838,37.54776978,서울교통공사,1306,11,1,106,10625,상수
207,2호선,S1102,상왕십리,N,N,일반,127.0293524,37.56417104,서울교통공사,1165,11,1,102,10247,상왕십리
641,6호선,S1106,상월곡,N,N,일반,127.0485887,37.60632242,서울교통공사,1292,11,1,106,10606,상월곡
542,5호선,S1105,상일동,N,N,일반,127.1652632,37.55658759,서울교통공사,1280,11,1,105,10544,상일동
P133,경춘선,k0210,상천,N,N,일반,127.4542,37.770405,한국철도공사,28565,11,12,1201,120114,상천
D17,신분당선,I1102,상현,N,N,일반,127.0667918,37.2968125,네오트렌스,36652,11,11,1101,110110,상현
U119,의정부경전철,L4101,새말,N,N,일반,127.0637846,37.7488688,㈜우진메트로,31799,11,2,202,20209,새말
616,6호선,S1106,새절,N,N,일반,126.9136601,37.59099413,서울교통공사,1312,11,1,106,10632,새절
925,9호선,S1109,샛강,N,N,일반,126.928422,37.517274,,21921,11,1,109,10915,샛강
K313,경의중앙선,k0212,서강대,N,N,일반,126.935389,37.552132,한국철도공사,33135,11,10,1001,100122,서강대
I210,인천2호선,S2802,서구청,N,N,일반,126.676795,37.543839,인천교통공사,36963,11,3,302,30213,서구청
521,5호선,S1105,서대문,N,N,일반,126.9665864,37.56573781,서울교통공사,1263,11,1,105,10523,서대문
157-1,1호선,S1101,서동탄,N,N,일반,127.051893,37.195675,한국철도공사,28520,11,1,101,10199,서동탄
I214,인천2호선,S2802,서부여성회관,N,N,일반,126.675875,37.500298,인천교통공사,36964,11,3,302,30214,서부여성회관
K112,경의중앙선,k0212,서빙고,N,N,일반,126.988358,37.51961,한국철도공사,1555,11,10,1001,100129,서빙고
228,2호선,S1102,서울대입구,N,N,일반,126.9526269,37.48103059,서울교통공사,1141,11,1,102,10221,서울대입구
K237,수인분당선,k0304,기흥,용인경전철,T4101,환승,127.115944,37.275657,한국철도공사,28524,11,2,201,20123,기흥
133,1호선,S1101,서울역,4호선/공항철도,S1104+k0211,환승,126.9724563,37.55575305,서울교통공사,1056,11,1,101,10124,서울역
426,4호선,S1104,서울역,1호선/공항철도,S1101+k0211,환승,126.7565214,37.5670594,공항철도,17381,11,1,104,10453,서울역
A01,공항철도,k0211,서울역,1호선/4호선,S1101+S1104,환승,126.7565214,37.5670594,공항철도,28540,11,9,901,90108,서울역
P313,경의중앙선,k0212,서울역,N,N,일반,126.970787,37.554713,한국철도공사,23233,11,10,1001,100120,서울역
163,1호선,S1101,서정리,N,N,일반,127.052844,37.056459,한국철도공사,1105,11,1,101,10180,서정리
224,2호선,S1102,서초,N,N,일반,127.0075972,37.49178284,서울교통공사,1137,11,1,102,10217,서초
K244,수인분당선,k0304,매교,N,N,일반,127.015657,37.265502,한국철도공사,28525,11,2,201,20124,매교
120,1호선,S1101,석계,6호선,S1106,환승,127.065594,37.615206,한국철도공사,1044,11,1,101,10112,석계
643,6호선,S1106,석계,1호선,S1101,환승,127.0655612,37.61498323,서울교통공사,17396,11,1,106,10642,석계
752,7호선,S1107,석남,인천2호선,S2802,환승,126.676304,37.507211,,,,,,,
I213,인천2호선,S2802,석남,7호선,S1107,환승,126.676304,37.507211,인천교통공사,36965,11,3,302,30215,석남
I220,인천2호선,S2802,석바위시장,N,N,일반,126.692387,37.457659,인천교통공사,36966,11,3,302,30216,석바위시장
145,1호선,S1101,석수,N,N,일반,126.902233,37.435161,한국철도공사,1088,11,1,101,10163,석수
I222,인천2호선,S2802,석천사거리,N,N,일반,126.710383,37.4569323,인천교통공사,36967,11,3,302,30217,석천사거리
815,8호선,S1108,석촌,9호선,S1109,환승,127.1069303,37.50535113,서울교통공사,1352,11,1,108,10806,석촌
815,9호선,S1109,석촌,8호선,S1108,환승,127.1069303,37.50535113,서울교통공사,39884,11,1,109,10933,석촌
941,9호선,S1109,석촌고분,N,N,일반,127.0966224,37.50202826,서울교통공사,39883,11,1,109,10932,석촌고분
220,2호선,S1102,선릉,수인분당선,k0304,환승,127.0486966,37.50437895,서울교통공사,1133,11,1,102,10213,선릉
K242,수인분당선,k0304,매탄권선,N,N,일반,127.040824,37.252458,한국철도공사,28526,11,2,201,20125,매탄권선
435,4호선,S1104,선바위,N,N,일반,127.002164,37.451854,한국철도공사,1224,11,1,104,10427,선바위
842,서해선,L4102,소새울,N,N,일반,126.7968584,37.4687806,,39504,11,16,1601,160102,소새울
921,9호선,S1109,선유도,N,N,일반,126.893525,37.53802,,21922,11,1,109,10916,선유도
936,9호선,S1109,선정릉,수인분당선,k0304,환승,127.043641,37.51085355,서울교통공사,36469,11,1,109,10927,선정릉
K238,수인분당선,k0304,상갈,N,N,일반,127.108718,37.261797,한국철도공사,28529,11,2,201,20128,상갈
I128,인천1호선,S2801,선학,N,N,일반,126.698872,37.426985,인천교통공사,1382,11,3,301,30105,선학
153,1호선,S1101,성균관대,N,N,일반,126.970861,37.300344,한국철도공사,1095,11,1,101,10170,성균관대
D16,신분당선,I1102,성복,N,N,일반,127.078785,37.3132,네오트렌스,36651,11,11,1101,110109,성복
211,2호선,S1102,성수,신설동지선,N,환승,127.0559893,37.5444338,서울교통공사,1124,11,1,102,10204,성수
418,4호선,S1104,성신여대입구,우이신설,k0305,환승,127.0163071,37.5927377,서울교통공사,1213,11,1,104,10410,성신여대입구
951,우이신설경전철,k0305,성신여대입구,4호선,S1104,환승,127.0163071,37.5927377,서울교통공사,39456,11,15,1501,150103,성신여대입구
166,1호선,S1101,성환,N,N,일반,127.127007,36.915781,한국철도공사,1108,11,1,101,10183,성환
156,1호선,S1101,세류,N,N,일반,127.013772,37.244102,한국철도공사,1098,11,1,101,10173,세류
158,1호선,S1101,세마,N,N,일반,127.043279,37.187288,한국철도공사,1100,11,1,101,10175,세마
K419,경강선,k0218,세종대왕릉,N,N,일반,127.570764,37.293636,한국철도공사,39278,11,2,203,20310,세종대왕릉
I137,인천1호선,S2801,센트럴파크,N,N,일반,126.635002,37.392833,인천교통공사,21933,11,3,301,30125,센트럴파크
K211,수인분당선,k0304,서울숲,N,N,일반,127.041029,37.5442086,,28530,11,2,201,20129,서울숲
183,1호선,S1101,소사,서해선,L4102,일반,126.795654,37.482755,한국철도공사,1070,11,1,101,10138,소사
843,서해선,L4102,시흥대야,N,N,일반,126.7914943,37.4503627,,39505,11,16,1601,160103,시흥대야
844,서해선,L4102,신천,N,N,일반,126.7867556,37.4387871,,39506,11,16,1601,160104,신천
100,1호선,S1101,소요산,N,N,일반,127.061007,37.948608,한국철도공사,1120,11,1,101,10195,소요산
942,우이신설경전철,k0305,솔밭공원,N,N,일반,127.0110893,37.6560522,,39465,11,15,1501,150112,솔밭공원
948,우이신설경전철,k0305,솔샘,N,N,일반,127.0113463,37.6202702,,39459,11,15,1501,150106,솔샘
186,1호선,S1101,송내,N,N,일반,126.753045,37.487626,한국철도공사,1073,11,1,101,10141,송내
K245,수인분당선,k0304,수원,1호선,S1101,환승,126.999821,37.266162,한국철도공사,28531,11,2,201,20130,수원
I139,인천1호선,S2801,송도달빛축제공원,N,N,일반,126.6274792,37.40611,인천교통공사,40629,11,3,301,30130,송도달빛축제공원
U124,의정부경전철,L4101,송산,N,N,일반,127.0872261,37.737262,㈜우진메트로,31804,11,2,202,20214,송산
503,5호선,S1105,송정,N,N,일반,126.811792,37.56115795,서울교통공사,1248,11,1,105,10504,송정
162,1호선,S1101,송탄,N,N,일반,127.054397,37.075376,한국철도공사,1104,11,1,101,10179,송탄
816,8호선,S1108,송파,N,N,일반,127.1118647,37.4997227,서울교통공사,1353,11,1,108,10807,송파
942,9호선,S1109,송파나루,N,N,일반,127.1131234,37.51012026,서울교통공사,39885,11,1,109,10934,송파나루
K243,수인분당선,k0304,수원시청,N,N,일반,127.030736,37.261941,한국철도공사,28532,11,2,201,20131,수원시청
702,7호선,S1107,수락산,N,N,일반,127.0552343,37.67791554,서울교통공사,1318,11,1,107,10703,수락산
445,4호선,k0302,수리산,N,N,일반,126.925537,37.350297,한국철도공사,1233,11,1,104,10437,수리산
K317,경의중앙선,k0212,수색,N,N,일반,126.895681,37.580855,한국철도공사,23229,11,10,1001,100116,수색
349,3호선,S1103,수서,수인분당선,k0304,환승,127.101553,37.48716257,서울교통공사,1204,11,1,103,10340,수서
K236,수인분당선,k0304,신갈,N,N,일반,127.111311,37.286127,한국철도공사,28533,11,2,201,20132,신갈
155,1호선,S1101,수원,수인분당선,k0304,환승,126.999821,37.266162,한국철도공사,1097,11,1,101,10172,수원
K240,수인분당선,k0304,영통,N,N,일반,127.071341,37.251521,한국철도공사,28536,11,2,201,20135,영통
K210,수인분당선,k0304,왕십리,2호선/5호선/경의중앙선,S1102+S1105+k0210,환승,127.0375076,37.56152516,서울교통공사,28537,11,2,201,20136,왕십리
414,4호선,S1104,수유,N,N,일반,127.0254433,37.63796529,서울교통공사,1209,11,1,104,10406,수유
D15,신분당선,I1102,수지구청,N,N,일반,127.0922583,37.32238,네오트렌스,36650,11,11,1101,110108,수지구청
825,8호선,S1108,수진,N,N,일반,127.1406475,37.43732537,서울교통공사,1362,11,1,108,10816,수진
427,4호선,S1104,숙대입구,N,N,일반,126.9719943,37.54467788,서울교통공사,1218,11,1,104,10419,숙대입구
729,7호선,S1107,숭실대입구,N,N,일반,126.9534722,37.4961804,서울교통공사,1339,11,1,107,10730,숭실대입구
K212,수인분당선,k0304,압구정로데오,N,N,일반,127.040555,37.527385,한국철도공사,32130,11,2,201,20138,압구정로데오
I219,인천2호선,S2802,시민공원,N,N,일반,126.680091,37.458739,인천교통공사,36968,11,3,302,30218,시민공원
845,서해선,L4102,신현,N,N,일반,126.7856663,37.4089787,,39507,11,16,1601,160105,신현
132,1호선,S1101,시청,2호선,S1102,환승,126.9767513,37.56471664,서울교통공사,1055,11,1,101,10123,시청
244,2호선,S1102,시청,1호선,S1101,환승,126.9767513,37.56471664,서울교통공사,17369,11,1,102,10252,시청
Y117,용인경전철,T4101,"시청,용인대",N,N,일반,127.178856,37.239426,용인경량전철㈜,28577,11,13,1301,130108,시청?용인대
846,서해선,L4102,시흥시청,N,N,일반,126.8056808,37.3816766,,39508,11,16,1601,160106,시흥시청
847,서해선,L4102,시흥능곡,N,N,일반,126.8065453,37.3701612,,39509,11,16,1601,160107,시흥능곡
848,서해선,L4102,달미,N,N,일반,126.8068768,37.3491752,,39510,11,16,1601,160108,달미
K214,수인분당선,k0304,선정릉,9호선,S1109,환승,127.043641,37.51085355,서울교통공사,32131,11,2,201,20139,선정릉
527,5호선,S1105,신금호,N,N,일반,127.0205515,37.55440938,서울교통공사,1266,11,1,105,10529,신금호
138,1호선,S1101,신길,5호선,S1105,환승,126.917743,37.517018,한국철도공사,1061,11,1,101,10129,신길
514,5호선,S1105,신길,1호선,S1101,환승,126.916543,37.51742655,서울교통공사,17387,11,1,105,10554,신길
454,4호선,k0302,신길온천,수인분당선,k0304,환승,126.767306,37.337488,한국철도공사,1242,11,1,104,10446,신길온천
K223,수인분당선,k0304,가천대,N,N,일반,127.126677,37.448784,한국철도공사,32132,11,2,201,20140,가천대
647,6호선,S1106,신내,경춘선,k0210,환승,127.103395,37.61264135,서울교통공사,40628,11,1,106,10648,신내
P122,경춘선,k0210,신내,6호선,S1106,환승,127.103395,37.61264135,서울교통공사,36475,11,12,1201,120120,신내
934,9호선,S1109,신논현,N,N,일반,127.02506,37.504598,,21923,11,1,109,10917,신논현
211-2,2호선,S1102,신답,N,N,일반,127.0468598,37.56961893,서울교통공사,1122,11,1,102,10202,신답
206,2호선,S1102,신당,6호선,S1106,환승,127.0181023,37.56582912,서울교통공사,1164,11,1,102,10246,신당
634,6호선,S1106,신당,2호선,S1102,환승,127.0181023,37.56582912,서울교통공사,17397,11,1,106,10643,신당
231,2호선,S1102,신대방,N,N,일반,126.9135942,37.48741288,서울교통공사,1144,11,1,102,10224,신대방
732,7호선,S1107,신대방삼거리,N,N,일반,126.9280519,37.49968797,서울교통공사,1342,11,1,107,10733,신대방삼거리
140,1호선,S1101,신도림,2호선/까치산지선,S1102,환승,126.891513,37.508983,한국철도공사,1063,11,1,101,10131,신도림
234,2호선,S1102,신도림,1호선/까치산지선,S1101,환승,126.8912511,37.50874994,서울교통공사,17372,11,1,102,10255,신도림
K416,경강선,k0218,신둔도예촌,N,N,일반,127.405251,37.315499,한국철도공사,39275,11,2,203,20307,신둔도예촌
230,2호선,S1102,신림,N,N,일반,126.9295937,37.48420085,서울교통공사,1143,11,1,102,10223,신림
920,9호선,S1109,신목동,N,N,일반,126.88308,37.544277,,21924,11,1,109,10918,신목동
931,9호선,S1109,신반포,N,N,일반,126.995925,37.503415,,21925,11,1,109,10919,신반포
913,9호선,S1109,신방화,N,N,일반,126.816601,37.567532,,21926,11,1,109,10920,신방화
337,3호선,S1103,신사,N,N,일반,127.020092,37.51618776,서울교통공사,1193,11,1,103,10328,신사
126,1호선,S1101,신설동,2호선/우이신설경전철,S1102+k0305,환승,127.0249104,37.57528723,서울교통공사,1050,11,1,101,10118,신설동
211-4,2호선,S1102,신설동,1호선/우이신설경전철,S1101+k0305,환승,127.0249104,37.57528723,서울교통공사,17370,11,1,102,10253,신설동
953,우이신설경전철,k0305,신설동,1호선/2호선,S1102+S1102,환승,127.0249104,37.57528723,서울교통공사,39454,11,15,1501,150101,신설동
I129,인천1호선,S2801,신연수,N,N,일반,126.693853,37.418032,인천교통공사,1381,11,3,301,30104,신연수
429,4호선,S1104,신용산,N,N,일반,126.9677003,37.5292129,서울교통공사,1220,11,1,104,10421,신용산
K131,경의중앙선,k0212,신원,N,N,일반,127.372745,37.525921,한국철도공사,24922,11,10,1001,100148,신원
121,1호선,S1101,신이문,N,N,일반,127.067347,37.601829,한국철도공사,1045,11,1,101,10113,신이문
509,5호선,S1105,신정,N,N,일반,126.8562294,37.52501081,서울교통공사,1253,11,1,105,10510,신정
244-3,2호선,S1102,신정네거리,N,N,일반,126.8528986,37.51999688,서울교통공사,1149,11,1,102,10230,신정네거리
745,7호선,S1107,신중동,N,N,일반,126.776328,37.50308369,서울교통공사,32123,11,1,107,10755,신중동
177,1호선,S1101,신창,N,N,일반,126.950129,36.769213,한국철도공사,21902,11,1,101,10156,신창
849,서해선,L4102,선부,N,N,일반,126.8074782,37.3350871,,39511,11,16,1601,160109,선부
240,2호선,S1102,신촌,N,N,일반,126.9368826,37.555342,서울교통공사,1156,11,1,102,10237,신촌
P312,경의중앙선,k0212,신촌,N,N,일반,126.942308,37.559768,한국철도공사,23232,11,10,1001,100119,신촌
K241,수인분당선,k0304,망포,N,N,일반,127.057367,37.245793,한국철도공사,33132,11,2,201,20141,망포
734,7호선,S1107,신풍,N,N,일반,126.9098598,37.50008919,서울교통공사,1344,11,1,107,10735,신풍
850,서해선,L4102,초지,4호선/수인분당선,S1105+k0304,환승,126.806151,37.320583,한국철도공사,39512,11,16,1601,160110,초지
824,8호선,S1108,신흥,N,N,일반,127.1473884,37.44088706,서울교통공사,1361,11,1,108,10815,신흥
413,4호선,S1104,쌍문,N,N,일반,127.0345002,37.64853159,서울교통공사,1208,11,1,104,10405,쌍문
171,1호선,S1101,쌍용(나사렛대),N,N,일반,127.121363,36.793745,한국철도공사,21903,11,1,101,10157,쌍용(나사렛대)
172,1호선,S1101,아산,N,N,일반,127.105049,36.792195,한국철도공사,21904,11,1,101,10158,아산
I209,인천2호선,S2802,아시아드경기장,N,N,일반,126.677075,37.551373,인천교통공사,36969,11,3,302,30219,아시아드경기장
K133,경의중앙선,k0212,아신,N,N,일반,127.443238,37.513954,한국철도공사,24923,11,10,1001,100149,아신
534,5호선,S1105,아차산,N,N,일반,127.0896015,37.55203633,서울교통공사,1272,11,1,105,10536,아차산
242,2호선,S1102,아현,N,N,일반,126.9561295,37.55721977,서울교통공사,1158,11,1,102,10239,아현
328,3호선,S1103,안국,N,N,일반,126.9854787,37.57666379,서울교통공사,1187,11,1,103,10319,안국
453,4호선,k0302,안산,수인분당선,k0304,환승,126.788748,37.327006,한국철도공사,1241,11,1,104,10445,안산
K239,수인분당선,k0304,청명,N,N,일반,127.078945,37.259485,한국철도공사,33133,11,2,201,20142,청명
638,6호선,S1106,안암,N,N,일반,127.0292203,37.58623045,서울교통공사,1295,11,1,106,10609,안암
147,1호선,S1101,안양,N,N,일반,126.922647,37.401929,한국철도공사,1090,11,1,101,10165,안양
810,8호선,S1108,암사,N,N,일반,127.1274183,37.54997529,서울교통공사,1349,11,1,108,10801,암사
336,3호선,S1103,압구정,N,N,일반,127.0283697,37.52668639,서울교통공사,1192,11,1,103,10327,압구정
K209,수인분당선,k0304,청량리,1호선/경의중앙선/경춘선,S1101+k0212+k0210,환승,127.0457768,37.5801441,서울교통공사,39888,11,2,201,20143,청량리
519,5호선,S1105,애오개,N,N,일반,126.956632,37.5535295,서울교통공사,1262,11,1,105,10521,애오개
K328,경의중앙선,k0212,야당,N,N,일반,126.761535,37.712749,한국철도공사,36647,11,10,1001,100125,야당
K258,수인분당선,k0304,오이도,4호선,S1104,환승,126.738437,37.361773,한국철도공사,31806,11,14,1401,140101,오이도
K259,수인분당선,k0304,달월,N,N,일반,126.745431,37.379993,한국철도공사,31807,11,14,1401,140102,달월
333,3호선,S1103,약수,6호선,S1106,환승,127.0104682,37.5544519,서울교통공사,1190,11,1,103,10324,약수
632,6호선,S1106,약수,3호선,S1103,환승,127.0104682,37.5544519,서울교통공사,17398,11,1,106,10644,약수
K130,경의중앙선,k0212,양수,N,N,일반,127.328948,37.545998,한국철도공사,21939,11,10,1001,100135,양수
K122,경의중앙선,k0212,양원,N,N,일반,129.091131,36.963209,한국철도공사,1563,11,10,1001,100138,양원
342,3호선,S1103,양재,신분당선,I1102,환승,127.0345768,37.48381174,서울교통공사,1197,11,1,103,10333,양재
D8,신분당선,I1102,양재,3호선,S1103,환승,127.0345768,37.48381174,네오트렌스,28547,11,11,1101,110102,양재
D9,신분당선,I1102,양재시민의숲,N,N,일반,127.0363147,37.4703,네오트렌스,28548,11,11,1101,110103,양재시민의숲
K125,경의중앙선,k0212,양정,N,N,일반,127.194602,37.604269,한국철도공사,1566,11,10,1001,100141,양정
107,1호선,S1101,양주,N,N,일반,127.044719,37.774281,한국철도공사,1113,11,1,101,10188,양주
244-2,2호선,S1102,양천구청,N,N,일반,126.8656075,37.51205148,서울교통공사,1148,11,1,102,10229,양천구청
915,9호선,S1109,양천향교,N,N,일반,126.841333,37.568381,,21927,11,1,109,10921,양천향교
690,김포도시철도,L4101,양촌,N,N,일반,126.6146219,37.64179203,김포골드라인운영㈜,39872,11,17,1701,170101,양촌
512,5호선,S1105,양평,N,N,일반,126.8862032,37.52558457,서울교통공사,1256,11,1,105,10513,양평
K135,경의중앙선,k0212,양평,N,N,일반,127.491858,37.492674,한국철도공사,24924,11,10,1001,100150,양평
U123,의정부경전철,L4101,어룡,N,N,일반,127.0852263,37.7426961,㈜우진메트로,31803,11,2,202,20213,어룡
717,7호선,S1107,어린이대공원,N,N,일반,127.0745637,37.54780394,서울교통공사,1330,11,1,107,10718,어린이대공원
Y113,용인경전철,T4101,어정,N,N,일반,127.143774,37.275311,용인경량전철㈜,28573,11,13,1301,130104,어정
K260,수인분당선,k0304,월곶,N,N,일반,126.742741,37.39189,한국철도공사,31808,11,14,1401,140103,월곶
935,9호선,S1109,언주,N,N,일반,127.0342849,37.50744596,서울교통공사,36468,11,1,109,10926,언주
516,5호선,S1105,여의나루,N,N,일반,126.9328665,37.52707204,서울교통공사,1259,11,1,105,10518,여의나루
515,5호선,S1105,여의도,9호선,S1109,환승,126.9242291,37.52165166,서울교통공사,1258,11,1,105,10517,여의도
924,9호선,S1109,여의도,5호선,S1105,환승,126.9242291,37.52165166,서울교통공사,21928,11,1,109,10922,여의도
K420,경강선,k0218,여주,N,N,일반,127.628571,37.282881,한국철도공사,39279,11,2,203,20311,여주
182,1호선,S1101,역곡,N,N,일반,126.811622,37.48514,한국철도공사,1069,11,1,101,10137,역곡
221,2호선,S1102,역삼,N,N,일반,127.0363944,37.50054496,서울교통공사,1134,11,1,102,10214,역삼
611,6호선,S1106,역촌,N,N,일반,126.9227732,37.60625985,서울교통공사,1314,11,1,106,10634,역촌
K261,수인분당선,k0304,소래포구,N,N,일반,126.733533,37.400963,한국철도공사,31809,11,14,1401,140104,소래포구
321,3호선,S1103,연신내,6호선,S1106,환승,126.9208158,37.61881292,서울교통공사,1180,11,1,103,10312,연신내
614,6호선,S1106,연신내,3호선,S1103,환승,126.9208158,37.61881292,서울교통공사,17399,11,1,106,10645,연신내
919,9호선,S1109,염창,N,N,일반,126.874916,37.546936,,21929,11,1,109,10923,염창
139,1호선,S1101,영등포,N,N,일반,126.907411,37.515756,한국철도공사,1062,11,1,101,10130,영등포
236,2호선,S1102,영등포구청,5호선,S1105,환승,126.8958333,37.52524847,서울교통공사,1152,11,1,102,10233,영등포구청
,5호선,S1105,영등포구청,2호선,S1102,환승,126.8958333,37.52524847,서울교통공사,17388,11,1,105,10555,영등포구청
513,5호선,S1105,영등포시장,N,N,일반,126.9047596,37.52274531,서울교통공사,1257,11,1,105,10515,영등포시장
,공항철도,k0211,영종,N,N,일반,126.5221713,37.5121342,공항철도,36474,11,9,901,90112,영종
K262,수인분당선,k0304,인천논현,N,N,일반,126.722495,37.400641,한국철도공사,31810,11,14,1401,140105,인천논현
I125,인천1호선,S2801,예술회관,N,N,일반,126.700991,37.449334,인천교통공사,1385,11,3,301,30108,예술회관
352,3호선,S1103,오금,5호선,S1105,환승,127.1278996,37.50216539,서울교통공사,25076,11,1,103,10347,오금
551,5호선,S1105,오금,3호선,S1103,환승,127.1278996,37.50216539,서울교통공사,1284,11,1,105,10548,오금
180,1호선,S1101,오류동,N,N,일반,126.844551,37.4944,한국철도공사,1067,11,1,101,10135,오류동
K263,수인분당선,k0304,호구포,N,N,일반,126.708682,37.401622,한국철도공사,31811,11,14,1401,140106,호구포
511,5호선,S1105,오목교,N,N,일반,126.8750582,37.52436614,서울교통공사,1255,11,1,105,10512,오목교
K264,수인분당선,k0304,남동인더스파크,N,N,일반,126.695613,37.407868,한국철도공사,31812,11,14,1401,140107,남동인더스파크
K134,경의중앙선,k0212,오빈,N,N,일반,127.474053,37.506061,한국철도공사,24926,11,10,1001,100152,오빈
160,1호선,S1101,오산,N,N,일반,127.066708,37.145472,한국철도공사,1102,11,1,101,10177,오산
159,1호선,S1101,오산대,N,N,일반,127.063081,37.169401,한국철도공사,1101,11,1,101,10176,오산대
456,4호선,k0302,오이도,수인분당선,k0304,환승,126.738437,37.361773,한국철도공사,1244,11,1,104,10448,오이도
3130,수인분당선,k0304,원인재,인천1호선,S2801,환승,126.687893,37.412364,인천교통공사,31813,11,14,1401,140108,원인재
335,3호선,S1103,옥수,경의중앙선,k0212,환승,127.0177608,37.5414877,서울교통공사,17374,11,1,103,10342,옥수
K114,경의중앙선,k0212,옥수,3호선,S1103,환승,127.018698,37.540514,한국철도공사,1557,11,10,1001,100131,옥수
181,1호선,S1101,온수,7호선,S1107,환승,126.823399,37.492267,한국철도공사,1068,11,1,101,10136,온수
741,7호선,S1107,온수,1호선,S1101,환승,126.8237047,37.49215924,서울교통공사,17409,11,1,107,10749,온수
176,1호선,S1101,온양온천,N,N,일반,127.003707,36.780419,한국철도공사,21905,11,1,101,10159,온양온천
549,5호선,S1105,올림픽공원,9호선,S1109,환승,127.1308803,37.51620079,서울교통공사,1282,11,1,105,10546,올림픽공원
944,9호선,S1109,올림픽공원,5호선,S1105,환승,127.1308803,37.51620079,서울교통공사,39887,11,1,109,10936,올림픽공원
I205,인천2호선,S2802,완정,N,N,일반,126.672961,37.592867,인천교통공사,36970,11,3,302,30220,완정
I202,인천2호선,S2802,왕길,N,N,일반,126.642284,37.592191,인천교통공사,36971,11,3,302,30221,왕길
208,2호선,S1102,왕십리,5호선/수인분당선/경의중앙선,S1105+k0304+k0210,환승,127.0375076,37.56152516,서울교통공사,17371,11,1,102,10254,왕십리
529,5호선,S1105,왕십리,수인분당선/2호선/경의중앙선,k0304+S1102+k0212,환승,127.035505,37.561128,한국철도공사,17389,11,1,105,10556,왕십리
K116,경의중앙선,k0212,왕십리,수인분당선/2호선/5호선,k0304+S1102+S1105,환승,127.035505,37.561128,한국철도공사,28537,11,2,201,20136,왕십리
K265,수인분당선,k0304,연수,N,N,일반,126.678991,37.417769,한국철도공사,31814,11,14,1401,140109,연수
122,1호선,S1101,외대앞,N,N,일반,127.063572,37.596157,한국철도공사,1046,11,1,101,10114,외대앞
211-1,2호선,S1102,용답,N,N,일반,127.050871,37.56183232,서울교통공사,1123,11,1,102,10203,용답
211-3,2호선,S1102,용두,N,N,일반,127.0379098,37.57389197,서울교통공사,1168,11,1,102,10251,용두
714,7호선,S1107,용마산,N,N,일반,127.0865586,37.5736549,서울교통공사,1328,11,1,107,10715,용마산
K137,경의중앙선,k0212,용문,N,N,일반,127.594251,37.482085,한국철도공사,24928,11,10,1001,100153,용문
135,1호선,S1101,용산,경의중앙선,k0212,환승,126.964775,37.52989,한국철도공사,1058,11,1,101,10126,용산
K110,경의중앙선,k0212,용산,1호선,S1101,환승,126.964775,37.52989,한국철도공사,17420,11,10,1001,100146,용산
506,5호선,S1105,우장산,N,N,일반,126.8363531,37.54886035,서울교통공사,1251,11,1,105,10507,우장산
K129,경의중앙선,k0212,운길산,N,N,일반,127.310089,37.554659,한국철도공사,21940,11,10,1001,100147,운길산
Y120,용인경전철,T4101,"운동장,송담대",N,N,일반,127.209046,37.237891,용인경량전철㈜,28580,11,13,1301,130111,운동장?송담대
A10,공항철도,k0211,운서,N,N,일반,126.4916553,37.4927682,공항철도,17437,11,9,901,90105,운서
694,김포도시철도,L4101,운양,N,N,일반,126.6838479,37.65376915,김포골드라인운영㈜,39876,11,17,1701,170105,운양
I227,인천2호선,S2802,운연,N,N,일반,126.759409,37.437924,인천교통공사,36972,11,3,302,30222,운연
K329,경의중앙선,k0212,운정,N,N,일반,126.767076,37.725441,한국철도공사,23219,11,10,1001,100106,운정
317,3호선,S1103,원당,N,N,일반,126.842891,37.653103,한국철도공사,1176,11,1,103,10308,원당
K136,경의중앙선,k0212,원덕,N,N,일반,127.547468,37.468585,한국철도공사,24925,11,10,1001,100151,원덕
852,서해선,L4102,원시,N,N,일반,126.7843379,37.301336,,39514,11,16,1601,160112,원시
K266,수인분당선,k0304,송도,N,N,일반,126.678991,37.417769,한국철도공사,31815,11,14,1401,140110,송도
I130,인천1호선,S2801,원인재,분당수인선,k0304,환승,126.687893,37.412364,인천교통공사,1380,11,3,301,30103,원인재
318,3호선,S1103,원흥,N,N,일반,126.873239,37.650709,한국철도공사,36466,11,1,103,10348,원흥
118,1호선,S1101,월계,N,N,일반,127.058835,37.633114,한국철도공사,1042,11,1,101,10110,월계
640,6호선,S1106,월곡,N,N,일반,127.0414221,37.6020753,서울교통공사,1293,11,1,106,10607,월곡
K267,수인분당선,k0304,인하대,N,N,일반,126.649832,37.448191,한국철도공사,36642,11,14,1401,140111,인하대
619,6호선,S1106,월드컵경기장,N,N,일반,126.8990612,37.56938269,서울교통공사,1309,11,1,106,10629,월드컵경기장
K333,경의중앙선,k0212,월롱,N,N,일반,126.792574,37.796201,한국철도공사,23216,11,10,1001,100103,월롱
203,2호선,S1102,을지로3가,3호선,S1103,환승,126.991482,37.56634826,서울교통공사,1161,11,1,102,10243,을지로3가
330,3호선,S1103,을지로3가,1호선,S1101,환승,126.991482,37.56634826,서울교통공사,17375,11,1,103,10343,을지로3가
204,2호선,S1102,을지로4가,5호선,S1105,환승,126.9979016,37.56682797,서울교통공사,1162,11,1,102,10244,을지로4가
524,5호선,S1105,을지로4가,2호선,S1102,환승,126.9979016,37.56682797,서울교통공사,17390,11,1,105,10557,을지로4가
202,2호선,S1102,을지로입구,N,N,일반,126.9825045,37.56597747,서울교통공사,1160,11,1,102,10242,을지로입구
K115,경의중앙선,k0212,응봉,N,N,일반,127.034824,37.550433,한국철도공사,1558,11,10,1001,100132,응봉
610,6호선,S1106,응암,N,N,일반,126.9155088,37.59853005,서울교통공사,1313,11,1,106,10633,응암
152,1호선,S1101,의왕,N,N,일반,126.948099,37.320648,한국철도공사,1094,11,1,101,10169,의왕
110,1호선,S1101,의정부,N,N,일반,127.045891,37.73873,한국철도공사,1034,11,1,101,10102,의정부
U114,의정부경전철,L4101,의정부시청,N,N,일반,127.0348664,37.7392416,㈜우진메트로,31795,11,2,202,20205,의정부시청
U117,의정부경전철,L4101,의정부중앙,N,N,일반,127.0496634,37.7436839,㈜우진메트로,31797,11,2,202,20207,의정부중앙
241,2호선,S1102,이대,N,N,일반,126.945801,37.55672128,서울교통공사,1157,11,1,102,10238,이대
K411,경강선,k0218,이매,수인분당선,k0304,환승,127.128272,37.395846,한국철도공사,39270,11,2,203,20302,이매
K268,수인분당선,k0304,숭의,N,N,일반,126.638035,37.460891,한국철도공사,36643,11,14,1401,140112,숭의
K417,경강선,k0218,이천,N,N,일반,127.442135,37.264222,한국철도공사,39276,11,2,203,20308,이천
430,4호선,S1104,이촌,경의중앙선,k0212,환승,126.9741382,37.52234094,서울교통공사,17382,11,1,104,10454,이촌
K111,경의중앙선,k0212,이촌,4호선,S1104,환승,126.973816,37.522476,한국철도공사,1554,11,10,1001,100128,이촌
629,6호선,S1106,이태원,N,N,일반,126.994038,37.53449861,서울교통공사,1301,11,1,106,10618,이태원
440,4호선,S1104,인덕원,N,N,일반,126.976818,37.401901,한국철도공사,1229,11,1,104,10432,인덕원
197,1호선,S1101,인천,수인분당선,k0304,환승,126.616936,37.476364,한국철도공사,1084,11,1,101,10152,인천
K269,수인분당선,k0304,신포,N,N,일반,126.624509,37.468442,한국철도공사,36644,11,14,1401,140113,신포
I215,인천2호선,S2802,인천가좌,N,N,일반,126.675465,37.493762,인천교통공사,36973,11,3,302,30223,인천가좌
A12,공항철도,k0211,인천공항1터미널,N,N,일반,126.4342054,37.441407,공항철도,17438,11,9,901,90106,인천공항1터미널
A13,공항철도,k0211,인천공항2터미널,N,N,일반,126.4374276,37.4848197,공항철도,39467,11,9,901,90113,인천공항2터미널
K270,수인분당선,k0304,인천,1호선,S1101,환승,126.616936,37.476364,한국철도공사,36645,11,14,1401,140114,인천
I226,인천2호선,S2802,인천대공원,N,N,일반,126.753051,37.448475,인천교통공사,36974,11,3,302,30224,인천대공원
I136,인천1호선,S2801,인천대입구,N,N,일반,126.639351,37.386239,인천교통공사,21934,11,3,301,30126,인천대입구
I124,인천1호선,S2801,인천시청,인천2호선,S2802,환승,126.702216,37.457615,인천교통공사,1386,11,3,301,30109,인천시청
I221,인천2호선,S2802,인천시청,인천1호선,S2801,환승,126.702216,37.457615,인천교통공사,36975,11,3,302,30225,인천시청
I126,인천1호선,S2801,인천터미널,N,N,일반,126.699727,37.441917,인천교통공사,1384,11,3,301,30107,인천터미널
K246,수인분당선,k0304,고색,N,N,일반,126.977899,37.248829,한국철도공사,,,,,,
K326,경의중앙선,k0212,일산,N,N,일반,126.769521,37.682231,한국철도공사,23221,11,10,1001,100108,일산
348,3호선,S1103,일원,N,N,일반,127.0843143,37.48382242,서울교통공사,1203,11,1,103,10339,일원
K336,경의중앙선,k0212,임진강,N,N,일반,126.746777,37.888364,한국철도공사,,,,,,
I113,인천1호선,S2801,임학,N,N,일반,126.738642,37.545058,인천교통공사,1396,11,3,301,30120,임학
I116,인천1호선,S2801,작전,N,N,일반,126.722548,37.530271,인천교통공사,1393,11,3,301,30117,작전
216,2호선,S1102,잠실,8호선,S1108,환승,127.1021882,37.51376934,서울교통공사,1129,11,1,102,10209,잠실
814,8호선,S1108,잠실,2호선,S1102,환승,127.1021882,37.51376934,서울교통공사,17412,11,1,108,10818,잠실
215,2호선,S1102,잠실나루,N,N,일반,127.1036977,37.52054808,서울교통공사,1128,11,1,102,10208,잠실나루
217,2호선,S1102,잠실새내,N,N,일반,127.0860068,37.51141143,서울교통공사,1130,11,1,102,10210,잠실새내
338,3호선,S1103,잠원,N,N,일반,127.0112442,37.51282982,서울교통공사,1194,11,1,103,10329,잠원
693,김포도시철도,L4101,장기,N,N,일반,126.6690798,37.64405889,김포골드라인운영㈜,39875,11,17,1701,170104,장기
731,7호선,S1107,장승배기,N,N,일반,126.9388623,37.50482108,서울교통공사,1341,11,1,107,10732,장승배기
700,7호선,S1107,장암,N,N,일반,127.0527785,37.69984712,서울교통공사,1317,11,1,107,10701,장암
819,8호선,S1108,장지,N,N,일반,127.1260529,37.47839756,서울교통공사,1356,11,1,108,10810,장지
532,5호선,S1105,장한평,N,N,일반,127.0642826,37.56153057,서울교통공사,1270,11,1,105,10534,장한평
Y124,용인경전철,T4101,"전대,에버랜드",N,N,일반,127.219491,37.285405,용인경량전철㈜,28584,11,13,1301,130115,전대?에버랜드
950,우이신설경전철,k0305,정릉,N,N,일반,127.0113053,37.6026712,,39457,11,15,1501,150104,정릉
311,3호선,S1103,정발산,N,N,일반,126.773254,37.659709,한국철도공사,1171,11,1,103,10303,정발산
439,4호선,S1104,정부과천청사,N,N,일반,126.989802,37.426445,한국철도공사,1228,11,1,104,10431,정부과천청사
455,4호선,k0302,정왕,수인분당선,k0304,환승,126.742844,37.351816,한국철도공사,1243,11,1,104,10447,정왕
K253,수인분당선,k0304,고잔,4호선,S1104,환승,126.823094,37.316821,한국철도공사,,,,,,
K250,수인분당선,k0304,사리,N,N,일반,126.856872,37.289982,한국철도공사,,,,,,
D12,신분당선,I1102,정자,수인분당선,k0304,환승,127.108091,37.366037,네오트렌스,28551,11,11,1101,110106,정자
125,1호선,S1101,제기동,N,N,일반,127.0344966,37.57812027,서울교통공사,1049,11,1,101,10117,제기동
194,1호선,S1101,제물포,N,N,일반,126.657165,37.466809,한국철도공사,1081,11,1,101,10149,제물포
131,1호선,S1101,종각,N,N,일반,126.9829483,37.57020349,서울교통공사,1054,11,1,101,10122,종각
130,1호선,S1101,종로3가,3호선+5호선,S1103+S1105,환승,126.9914115,37.57139366,서울교통공사,1053,11,1,101,10121,종로3가
329,3호선,S1103,종로3가,1호선+5호선,S1101+S1105,환승,126.9914115,37.57139366,서울교통공사,17376,11,1,103,10344,종로3가
523,5호선,S1105,종로3가,1호선+3호선,S1101+S1103,환승,126.9914115,37.57139366,서울교통공사,17391,11,1,105,10558,종로3가
129,1호선,S1101,종로5가,N,N,일반,127.001799,37.57100685,서울교통공사,1052,11,1,101,10120,종로5가
218,2호선,S1102,종합운동장,9호선,S1109,환승,127.073542,37.51106095,서울교통공사,1131,11,1,102,10211,종합운동장
939,9호선,S1109,종합운동장,2호선,S1102,환승,127.073542,37.51106095,서울교통공사,36472,11,1,109,10930,종합운동장
192,1호선,S1101,주안,인천2호선,S2802,환승,126.680702,37.465041,한국철도공사,1079,11,1,101,10147,주안
I218,인천2호선,S2802,주안,1호선,S1101,환승,126.680441,37.465517,인천교통공사,36976,11,3,302,30226,주안
I217,인천2호선,S2802,주안국가산단,N,N,일반,126.681702,37.473599,인천교통공사,36977,11,3,302,30227,주안국가산단
310,3호선,S1103,주엽,N,N,일반,126.761232,37.670138,한국철도공사,1170,11,1,103,10302,주엽
K256,수인분당선,k0304,신길온천,4호선,S1104,환승,126.767306,37.337488,한국철도공사,,,,,,
705,7호선,S1107,중계,N,N,일반,127.0640831,37.64521691,서울교통공사,1320,11,1,107,10706,중계
715,7호선,S1107,중곡,N,N,일반,127.0841504,37.56568111,서울교통공사,1329,11,1,107,10716,중곡
185,1호선,S1101,중동,N,N,일반,126.764474,37.486664,한국철도공사,1072,11,1,101,10140,중동
K119,경의중앙선,k0212,중랑,경춘선,k0210,환승,127.076152,37.594948,한국철도공사,1561,11,10,1001,100136,중랑
P119,경춘선,k0210,중랑,경의중앙선,k0212,환승,127.076152,37.594948,한국철도공사,39259,11,12,1201,120122,중랑
450,4호선,k0302,중앙,수인분당선,k0304,환승,126.838532,37.316055,한국철도공사,1238,11,1,104,10442,중앙
K255,수인분당선,k0304,안산,4호선,S1104,환승,126.788748,37.327006,한국철도공사,,,,,,
946,9호선,S1109,중앙보훈병원,N,N,일반,127.142757,37.52961418,서울교통공사,39894,11,1,109,10938,중앙보훈병원
710,7호선,S1107,중화,N,N,일반,127.079253,37.60251645,서울교통공사,1324,11,1,107,10711,중화
917,9호선,S1109,증미,N,N,일반,126.861939,37.557402,,21930,11,1,109,10924,증미
617,6호선,S1106,증산,N,N,일반,126.9094115,37.58375597,서울교통공사,1311,11,1,106,10631,증산
Y112,용인경전철,T4101,지석,N,N,일반,127.1366815,37.269691,용인경량전철㈜,28572,11,13,1301,130103,지석
I135,인천1호선,S2801,지식정보단지,N,N,일반,126.645412,37.378021,인천교통공사,21935,11,3,301,30127,지식정보단지
164,1호선,S1101,지제,N,N,일반,127.070269,37.018822,한국철도공사,1106,11,1,101,10181,지제
320,3호선,S1103,지축,N,N,일반,126.9137407,37.64793834,서울교통공사,1178,11,1,103,10310,지축
K138,경의중앙선,k0212,지평,N,N,일반,127.629681,37.476496,한국철도공사,39258,11,10,1001,100155,지평
104,1호선,S1101,지행,N,N,일반,127.055734,37.892361,한국철도공사,1116,11,1,101,10191,지행
167,1호선,S1101,직산,N,N,일반,127.143774,36.870921,한국철도공사,1109,11,1,101,10184,직산
161,1호선,S1101,진위,N,N,일반,127.062342,37.109771,한국철도공사,1103,11,1,101,10178,진위
116,1호선,S1101,창동,4호선,S1104,환승,127.047663,37.653181,한국철도공사,1040,11,1,101,10108,창동
412,4호선,S1104,창동,1호선,S1101,환승,127.0476886,37.65312232,서울교통공사,17383,11,1,104,10455,창동
636,6호선,S1106,창신,N,N,일반,127.0151078,37.57934562,서울교통공사,1297,11,1,106,10611,창신
P129,경춘선,k0210,천마산,N,N,일반,127.285731,37.658995,한국철도공사,36476,11,12,1201,120121,천마산
169,1호선,S1101,천안,N,N,일반,127.146417,36.810238,한국철도공사,1111,11,1,101,10186,천안
740,7호선,S1107,천왕,N,N,일반,126.8386245,37.48661459,서울교통공사,1348,11,1,107,10741,천왕
536,5호선,S1105,천호,8호선,S1108,환승,127.1236234,37.53842355,서울교통공사,1274,11,1,105,10538,천호
811,8호선,S1108,천호,5호선,S1105,환승,127.1236234,37.53842355,서울교통공사,17413,11,1,108,10819,천호
738,7호선,S1107,철산,N,N,일반,126.8680062,37.47611739,서울교통공사,1346,11,1,107,10739,철산
D10,신분당선,I1102,청계산입구,N,N,일반,127.0525228,37.44824,네오트렌스,28549,11,11,1101,110104,청계산입구
526,5호선,S1105,청구,6호선,S1106,환승,127.0137698,37.56021257,서울교통공사,1265,11,1,105,10528,청구
633,6호선,S1106,청구,5호선,S1105,환승,127.0137698,37.56021257,서울교통공사,17400,11,1,106,10646,청구
720,7호선,S1107,청담,N,N,일반,127.0537514,37.5195959,서울교통공사,1332,11,1,107,10721,청담
A09,공항철도,k0211,청라국제도시,N,N,일반,126.6232936,37.5563399,공항철도,36473,11,9,901,90111,청라국제도시
124,1호선,S1101,청량리,수인분당선/경의중앙선/경춘선,k0304+k0212+k0210,환승,127.0457768,37.5801441,서울교통공사,1048,11,1,101,10116,청량리
K117,경의중앙선,k0212,청량리,수인분당선/경춘선/1호선,k0304+k0210+S1101,환승,127.046516,37.580543,한국철도공사,1560,11,10,1001,100134,청량리
P117,경춘선,k0210,청량리,경의중앙선/수인분당선/1호선,k0304+k0212+S1101,환승,127.046516,37.580543,한국철도공사,39261,11,12,1201,120124,청량리
K249,수인분당선,k0304,야목,N,N,일반,126.88429,37.261011,한국철도공사,,,,,,
K248,수인분당선,k0304,어천,N,N,일반,126.908805,37.250076,한국철도공사,,,,,,
P132,경춘선,k0210,청평,N,N,일반,127.426541,37.735484,한국철도공사,28566,11,12,1201,120115,청평
Y115,용인경전철,T4101,초당,N,N,일반,127.159465,37.260823,용인경량전철㈜,28575,11,13,1301,130106,초당
K414,경강선,k0218,초월,N,N,일반,127.299996,37.373389,한국철도공사,39273,11,2,203,20305,초월
452,4호선,k0302,초지,수인분당선/서해선,k0304+L4102,환승,126.806151,37.320583,한국철도공사,36467,11,1,104,10457,초지
851,서해선,L4102,시우,N,N,일반,126.7941208,37.3133787,,39513,11,16,1601,160111,시우
K247,수인분당선,k0304,오목천,N,N,일반,126.9636354,37.243011,한국철도공사,,,,,,
432,4호선,S1104,총신대입구,7호선,S1107,환승,126.981945,37.48678247,서울교통공사,1222,11,1,104,10424,총신대입구(이수)
727,7호선,S1107,총신대입구,4호선,S1104,환승,126.981945,37.48678247,서울교통공사,17410,11,1,107,10750,총신대입구(이수)
744,7호선,S1107,춘의,N,N,일반,126.7868467,37.50372821,서울교통공사,32122,11,1,107,10754,춘의
P140,경춘선,k0210,춘천,N,N,일반,127.716603,37.884391,한국철도공사,28567,11,12,1201,120116,춘천
331,3호선,S1103,충무로,4호선,S1104,환승,126.9925393,37.5610012,서울교통공사,1188,11,1,103,10322,충무로
423,4호선,S1104,충무로,3호선,S1103,환승,126.9925393,37.5610012,서울교통공사,17384,11,1,104,10456,충무로
243,2호선,S1102,충정로,5호선,S1105,환승,126.9634503,37.56022847,서울교통공사,1159,11,1,102,10240,충정로
520,5호선,S1102,충정로,2호선,S1102,환승,126.9634503,37.56022847,서울교통공사,17392,11,1,105,10559,충정로
I133,인천1호선,S2801,캠퍼스타운,N,N,일반,126.661985,37.388209,인천교통공사,21936,11,3,301,30128,캠퍼스타운
K327,경의중앙선,k0212,탄현,N,N,일반,126.761075,37.694114,한국철도공사,23220,11,10,1001,100107,탄현
U125,의정부경전철,L4101,탑석,N,N,일반,127.0889285,37.7334668,㈜우진메트로,31805,11,2,202,20215,탑석
644,6호선,S1106,태릉입구,7호선,S1107,환승,127.0746937,37.61816533,서울교통공사,1290,11,1,106,10603,태릉입구
708,7호선,S1107,태릉입구,6호선,S1106,환승,127.0746937,37.61816533,서울교통공사,17411,11,1,107,10751,태릉입구
K257,수인분당선,k0304,정왕,4호선,S1104,환승,126.742844,37.351816,한국철도공사,,,,,,
I134,인천1호선,S2801,테크노파크,N,N,일반,126.656355,37.382311,인천교통공사,21937,11,3,301,30129,테크노파크
P125,경춘선,k0210,퇴계원,N,N,일반,127.143858,37.648316,한국철도공사,28568,11,12,1201,120117,퇴계원
K334,경의중앙선,k0212,파주,N,N,일반,126.792426,37.815391,한국철도공사,23215,11,10,1001,100102,파주
K410,경강선,k0218,판교,신분당선,I1102,환승,127.111135,37.394798,한국철도공사,39269,11,2,203,20301,판교
D11,신분당선,I1102,판교,경강선,k0218,환승,127.111135,37.3948,네오트렌스,28550,11,11,1101,110105,판교
K128,경의중앙선,k0212,팔당,N,N,일반,127.243896,37.547321,한국철도공사,14311,11,10,1001,100144,팔당
P128,경춘선,k0210,평내호평,N,N,일반,127.244452,37.653229,한국철도공사,28569,11,12,1201,120118,평내호평
441,4호선,S1104,평촌,N,N,일반,126.963881,37.394346,한국철도공사,1230,11,1,104,10433,평촌
165,1호선,S1101,평택,N,N,일반,127.085496,36.990559,한국철도공사,1107,11,1,101,10182,평택
697,김포도시철도,L4101,풍무,N,N,일반,126.7324441,37.61243514,김포골드라인운영㈜,39879,11,17,1701,170108,풍무
K325,경의중앙선,k0212,풍산,N,N,일반,126.786355,37.672173,한국철도공사,23222,11,10,1001,100109,풍산
706,7호선,S1107,하계,N,N,일반,127.0678149,37.63642687,서울교통공사,1321,11,1,107,10707,하계
547,5호선,S1105,하남검단산,N,N,일반,127.201518,37.5410874,서울교통공사,,,,,,
546,5호선,S1105,하남시청,N,N,일반,127.2080841,37.5410664,서울교통공사,,,,,,
545,5호선,S1105,하남풍산,N,N,일반,127.2031234,37.5512453,서울교통공사,40627,11,1,105,10561,하남풍산
722,7호선,S1107,학동,N,N,일반,127.0317362,37.51428621,서울교통공사,1334,11,1,107,10723,학동
346,3호선,S1103,학여울,N,N,일반,127.0713676,37.49655351,서울교통공사,1201,11,1,103,10337,학여울
630,6호선,S1106,한강진,N,N,일반,127.0014826,37.53974445,서울교통공사,1300,11,1,106,10617,한강진
K113,경의중앙선,k0212,한남,N,N,일반,127.008984,37.529361,한국철도공사,1556,11,10,1001,100130,한남
449,4호선,k0302,한대앞,수인분당선,k0304,환승,126.853656,37.309685,한국철도공사,1237,11,1,104,10441,한대앞
K252,수인분당선,k0304,중앙,4호선,S1104,환승,126.838532,37.316055,한국철도공사,,,,,,
419,4호선,S1104,한성대입구,N,N,일반,127.0059994,37.58838493,서울교통공사,1214,11,1,104,10411,한성대입구
943,9호선,S1109,한성백제,N,N,일반,127.118185,37.51686537,서울교통공사,39886,11,1,109,10935,한성백제
209,2호선,S1102,한양대,N,N,일반,127.0434917,37.55522179,서울교통공사,1166,11,1,102,10249,한양대
K254,수인분당선,k0304,초지,4호선/서해선,S1104+L4102,환승,126.806151,37.320583,한국철도공사,,,,,,
238,2호선,S1102,합정,6호선,S1106,환승,126.9141239,37.54979888,서울교통공사,1154,11,1,102,10235,합정
622,6호선,S1106,합정,2호선,S1102,환승,126.9141239,37.54979888,서울교통공사,17401,11,1,106,10647,합정
528,5호선,S1105,행당,N,N,일반,127.0296931,37.55754312,서울교통공사,1267,11,1,105,10530,행당
K320,경의중앙선,k0212,행신,N,N,일반,126.834063,37.612125,한국철도공사,23227,11,10,1001,100114,행신
420,4호선,S1104,혜화,N,N,일반,127.0016857,37.58228892,서울교통공사,1215,11,1,104,10412,혜화
K251,수인분당선,k0304,한대앞,4호선,S1104,환승,126.853656,37.309685,한국철도공사,,,,,,
239,2호선,S1102,홍대입구,경의중앙선/공항철도,k0212+k0211,환승,126.9249829,37.55701523,서울교통공사,1155,11,1,102,10236,홍대입구
K314,경의중앙선,k0212,홍대입구,2호선/공항철도,S1102+k0211,환승,126.925533,37.55808,한국철도공사,28541,11,9,901,90109,홍대입구
A03,공항철도,k0211,홍대입구,2호선/경의중앙선,S1102+k0212,환승,126.925533,37.55808,한국철도공사,33134,11,10,1001,100121,홍대입구
324,3호선,S1103,홍제,N,N,일반,126.944165,37.58852355,서울교통공사,1183,11,1,103,10315,홍제
945,우이신설경전철,k0305,화계,N,N,일반,127.0153233,37.6341222,,39462,11,15,1501,150109,화계
507,5호선,S1105,화곡,N,N,일반,126.8402952,37.54175707,서울교통공사,1252,11,1,105,10508,화곡
645,6호선,S1106,화랑대,N,N,일반,127.0844264,37.62013061,서울교통공사,1289,11,1,106,10602,화랑대
154,1호선,S1101,화서,N,N,일반,126.989581,37.28399,한국철도공사,1096,11,1,101,10171,화서
K318,경의중앙선,k0212,화전,N,N,일반,126.868386,37.602908,한국철도공사,23228,11,10,1001,100115,화전
316,3호선,S1103,화정,N,N,일반,126.8267117,37.637837,한국철도공사,1175,11,1,103,10307,화정
123,1호선,S1101,회기,경의중앙선/경춘선,k0212+k0210,환승,127.057936,37.589802,한국철도공사,1047,11,1,101,10115,회기
K118,경의중앙선,k0212,회기,경춘선/1호선,k0210+S1101,환승,127.057936,37.589802,한국철도공사,17419,11,10,1001,100145,회기
P118,경춘선,k0210,회기,경의중앙선/1호선,k0212+S1101,환승,127.057936,37.589802,한국철도공사,39260,11,12,1201,120123,회기
111,1호선,S1101,회룡,의정부경전철,L4101,환승,127.047319,37.724037,한국철도공사,1035,11,1,101,10103,회룡
U111,의정부경전철,L4101,회룡,1호선,S1101,환승,127.0471082,37.7250156,㈜우진메트로,31792,11,2,202,20202,회룡
425,4호선,S1104,회현,N,N,일반,126.9781303,37.55851662,서울교통공사,1217,11,1,104,10417,회현
U121,의정부경전철,L4101,효자,N,N,일반,127.0772808,37.7539992,㈜우진메트로,31801,11,2,202,20211,효자
627,6호선,S1106,효창공원앞,경의중앙선,k0212,환승,126.961371,37.539542,서울교통공사,1303,11,1,106,10621,효창공원앞
K311,경의중앙선,k0212,효창공원앞,6호선,S1106,환승,126.961339,37.539289,한국철도공사,36648,11,10,1001,100126,효창공원앞
928,9호선,S1109,흑석,N,N,일반,126.963708,37.50877,,21931,11,1,109,10925,흑석
U115,의정부경전철,L4101,흥선,N,N,일반,127.0371212,37.7432842,㈜우진메트로,31796,11,2,202,20206,흥선
